animal_a,animal_b,shared_biomes,shared_enclosures,social_a,social_b,verdict,decided_by
african-penguin,african-savannah-elephant,Savannah,HabitatTerrestrial,social,mixed,likely,
african-penguin,african-wild-dog,Savannah,HabitatTerrestrial,social,social,likely,
african-penguin,asian-elephant,Savannah,HabitatTerrestrial,social,mixed,likely,
african-penguin,bactrian-camel,Savannah,HabitatTerrestrial,social,social,likely,
african-penguin,black-wildebeest,Savannah,HabitatTerrestrial,social,social,likely,
african-penguin,blue-wildebeest,Savannah,HabitatTerrestrial,social,social,likely,
african-penguin,cape-buffalo,Savannah,HabitatTerrestrial,social,mixed,likely,
african-penguin,common-ostrich,Savannah,HabitatTerrestrial,social,social,likely,
african-penguin,common-warthog,Savannah,HabitatTerrestrial,social,mixed,likely,
african-penguin,gemsbok,Savannah,HabitatTerrestrial,social,social,likely,
african-penguin,grey-wolf,Savannah,HabitatTerrestrial,social,social,likely,
african-penguin,lion,Savannah,HabitatTerrestrial,social,social,likely,
african-penguin,masai-giraffe,Savannah,HabitatTerrestrial,social,mixed,likely,
african-penguin,meerkat,Savannah,HabitatTerrestrial,social,social,likely,
african-penguin,plains-zebra,Savannah,HabitatTerrestrial,social,social,likely,
african-penguin,reticulated-giraffe,Savannah,HabitatTerrestrial,social,mixed,likely,
african-penguin,sable-antelope,Savannah,HabitatTerrestrial,social,social,likely,
african-penguin,spotted-hyena,Savannah,HabitatTerrestrial,social,social,likely,
african-penguin,springbok,Savannah,HabitatTerrestrial,social,mixed,likely,
african-penguin,thomson-s-gazelle,Savannah,HabitatTerrestrial,social,mixed,likely,
african-savannah-elephant,african-wild-dog,Savannah,HabitatTerrestrial,mixed,social,likely,
african-savannah-elephant,asian-elephant,Savannah;Wetlands,HabitatTerrestrial,mixed,mixed,likely,
african-savannah-elephant,bactrian-camel,Desert;Savannah,HabitatTerrestrial,mixed,social,likely,
african-savannah-elephant,black-wildebeest,Savannah,HabitatTerrestrial,mixed,social,likely,
african-savannah-elephant,blue-wildebeest,Savannah,HabitatTerrestrial,mixed,social,likely,
african-savannah-elephant,cape-buffalo,Savannah;Wetlands,HabitatTerrestrial,mixed,mixed,likely,
african-savannah-elephant,common-ostrich,Savannah,HabitatTerrestrial,mixed,social,likely,
african-savannah-elephant,common-warthog,Savannah,HabitatTerrestrial,mixed,mixed,likely,
african-savannah-elephant,gemsbok,Desert;Savannah,HabitatTerrestrial,mixed,social,likely,
african-savannah-elephant,gharial,Wetlands,HabitatTerrestrial,mixed,social,likely,
african-savannah-elephant,grey-wolf,Desert;Savannah,HabitatTerrestrial,mixed,social,likely,
african-savannah-elephant,lion,Savannah,HabitatTerrestrial,mixed,social,likely,
african-savannah-elephant,masai-giraffe,Savannah,HabitatTerrestrial,mixed,mixed,likely,
african-savannah-elephant,meerkat,Desert;Savannah,HabitatTerrestrial,mixed,social,likely,
african-savannah-elephant,plains-zebra,Savannah,HabitatTerrestrial,mixed,social,likely,
african-savannah-elephant,reticulated-giraffe,Savannah,HabitatTerrestrial,mixed,mixed,likely,
african-savannah-elephant,sable-antelope,Savannah,HabitatTerrestrial,mixed,social,likely,
african-savannah-elephant,spotted-hyena,Desert;Savannah,HabitatTerrestrial,mixed,social,likely,
african-savannah-elephant,springbok,Desert;Savannah,HabitatTerrestrial,mixed,mixed,likely,
african-savannah-elephant,thomson-s-gazelle,Savannah,HabitatTerrestrial,mixed,mixed,likely,
african-savannah-elephant,western-lowland-gorilla,Wetlands,HabitatTerrestrial,mixed,mixed,likely,
african-wild-dog,asian-elephant,Savannah,HabitatTerrestrial,social,mixed,likely,
african-wild-dog,bactrian-camel,Savannah,HabitatTerrestrial,social,social,likely,
african-wild-dog,black-wildebeest,Savannah,HabitatTerrestrial,social,social,likely,
african-wild-dog,blue-wildebeest,Savannah,HabitatTerrestrial,social,social,likely,
african-wild-dog,cape-buffalo,Savannah,HabitatTerrestrial,social,mixed,likely,
african-wild-dog,common-ostrich,Savannah,HabitatTerrestrial,social,social,likely,
african-wild-dog,common-warthog,Savannah,HabitatTerrestrial,social,mixed,likely,
african-wild-dog,gemsbok,Savannah,HabitatTerrestrial,social,social,likely,
african-wild-dog,grey-wolf,Savannah,HabitatTerrestrial,social,social,likely,
african-wild-dog,lion,Savannah,HabitatTerrestrial,social,social,likely,
african-wild-dog,masai-giraffe,Savannah,HabitatTerrestrial,social,mixed,likely,
african-wild-dog,meerkat,Savannah,HabitatTerrestrial,social,social,likely,
african-wild-dog,plains-zebra,Savannah,HabitatTerrestrial,social,social,likely,
african-wild-dog,reticulated-giraffe,Savannah,HabitatTerrestrial,social,mixed,likely,
african-wild-dog,sable-antelope,Savannah,HabitatTerrestrial,social,social,likely,
african-wild-dog,spotted-hyena,Savannah,HabitatTerrestrial,social,social,likely,
african-wild-dog,springbok,Savannah,HabitatTerrestrial,social,mixed,likely,
african-wild-dog,thomson-s-gazelle,Savannah,HabitatTerrestrial,social,mixed,likely,
asian-elephant,bactrian-camel,Savannah,HabitatTerrestrial,mixed,social,likely,
asian-elephant,black-wildebeest,Savannah,HabitatTerrestrial,mixed,social,likely,
asian-elephant,blue-wildebeest,Savannah,HabitatTerrestrial,mixed,social,likely,
asian-elephant,cape-buffalo,Savannah;Wetlands,HabitatTerrestrial,mixed,mixed,likely,
asian-elephant,common-ostrich,Savannah,HabitatTerrestrial,mixed,social,likely,
asian-elephant,common-warthog,Savannah,HabitatTerrestrial,mixed,mixed,likely,
asian-elephant,gemsbok,Savannah,HabitatTerrestrial,mixed,social,likely,
asian-elephant,gharial,Rainforest;Wetlands,HabitatTerrestrial,mixed,social,likely,
asian-elephant,golden-lion-tamarin,Rainforest,HabitatTerrestrial,mixed,social,likely,
asian-elephant,grey-wolf,Rainforest;Savannah,HabitatTerrestrial,mixed,social,likely,
asian-elephant,lion,Savannah,HabitatTerrestrial,mixed,social,likely,
asian-elephant,masai-giraffe,Savannah,HabitatTerrestrial,mixed,mixed,likely,
asian-elephant,meerkat,Savannah,HabitatTerrestrial,mixed,social,likely,
asian-elephant,plains-zebra,Savannah,HabitatTerrestrial,mixed,social,likely,
asian-elephant,reticulated-giraffe,Savannah,HabitatTerrestrial,mixed,mixed,likely,
asian-elephant,ring-tailed-lemur,Rainforest,HabitatTerrestrial,mixed,social,likely,
asian-elephant,sable-antelope,Savannah,HabitatTerrestrial,mixed,social,likely,
asian-elephant,siamang,Rainforest,HabitatTerrestrial,mixed,mixed,likely,
asian-elephant,spotted-hyena,Savannah,HabitatTerrestrial,mixed,social,likely,
asian-elephant,springbok,Savannah,HabitatTerrestrial,mixed,mixed,likely,
asian-elephant,sumatran-orangutan,Rainforest,HabitatTerrestrial,mixed,mixed,likely,
asian-elephant,thomson-s-gazelle,Savannah,HabitatTerrestrial,mixed,mixed,likely,
asian-elephant,western-chimpanzee,Rainforest,HabitatTerrestrial,mixed,social,likely,
asian-elephant,western-lowland-gorilla,Rainforest;Wetlands,HabitatTerrestrial,mixed,mixed,likely,
bactrian-camel,black-wildebeest,Savannah,HabitatTerrestrial,social,social,likely,
bactrian-camel,blue-wildebeest,Savannah,HabitatTerrestrial,social,social,likely,
bactrian-camel,cape-buffalo,Savannah,HabitatTerrestrial,social,mixed,likely,
bactrian-camel,common-ostrich,Savannah,HabitatTerrestrial,social,social,likely,
bactrian-camel,common-warthog,Savannah,HabitatTerrestrial,social,mixed,likely,
bactrian-camel,eurasian-brown-bear,Temperate,HabitatTerrestrial,social,mixed,likely,
bactrian-camel,european-bison,Temperate,HabitatTerrestrial,social,mixed,likely,
bactrian-camel,gemsbok,Desert;Savannah,HabitatTerrestrial,social,social,likely,
bactrian-camel,grey-wolf,Desert;Savannah;Temperate,HabitatTerrestrial,social,social,likely,
bactrian-camel,lion,Savannah,HabitatTerrestrial,social,social,likely,
bactrian-camel,masai-giraffe,Savannah,HabitatTerrestrial,social,mixed,likely,
bactrian-camel,meerkat,Desert;Savannah,HabitatTerrestrial,social,social,likely,
bactrian-camel,plains-zebra,Savannah,HabitatTerrestrial,social,social,likely,
bactrian-camel,red-deer,Temperate,HabitatTerrestrial,social,mixed,likely,
bactrian-camel,reticulated-giraffe,Savannah,HabitatTerrestrial,social,mixed,likely,
bactrian-camel,sable-antelope,Savannah,HabitatTerrestrial,social,social,likely,
bactrian-camel,spotted-hyena,Desert;Savannah,HabitatTerrestrial,social,social,likely,
bactrian-camel,springbok,Desert;Savannah,HabitatTerrestrial,social,mixed,likely,
bactrian-camel,thomson-s-gazelle,Savannah,HabitatTerrestrial,social,mixed,likely,
black-wildebeest,blue-wildebeest,Savannah,HabitatTerrestrial,social,social,likely,
black-wildebeest,cape-buffalo,Savannah,HabitatTerrestrial,social,mixed,likely,
black-wildebeest,common-ostrich,Savannah,HabitatTerrestrial,social,social,likely,
black-wildebeest,common-warthog,Savannah,HabitatTerrestrial,social,mixed,likely,
black-wildebeest,gemsbok,Savannah,HabitatTerrestrial,social,social,likely,
black-wildebeest,grey-wolf,Savannah,HabitatTerrestrial,social,social,likely,
black-wildebeest,lion,Savannah,HabitatTerrestrial,social,social,likely,
black-wildebeest,masai-giraffe,Savannah,HabitatTerrestrial,social,mixed,likely,
black-wildebeest,meerkat,Savannah,HabitatTerrestrial,social,social,likely,
black-wildebeest,plains-zebra,Savannah,HabitatTerrestrial,social,social,likely,
black-wildebeest,reticulated-giraffe,Savannah,HabitatTerrestrial,social,mixed,likely,
black-wildebeest,sable-antelope,Savannah,HabitatTerrestrial,social,social,likely,
black-wildebeest,spotted-hyena,Savannah,HabitatTerrestrial,social,social,likely,
black-wildebeest,springbok,Savannah,HabitatTerrestrial,social,mixed,likely,
black-wildebeest,thomson-s-gazelle,Savannah,HabitatTerrestrial,social,mixed,likely,
blacktip-reef-shark,blue-and-gold-fusilier,Reef,HabitatAquarium,social,social,likely,
blacktip-reef-shark,clown-anemonefish,Reef,HabitatAquarium,social,social,likely,
blacktip-reef-shark,clown-triggerfish,Reef,HabitatAquarium,social,mixed,likely,
blacktip-reef-shark,golden-trevally,Estuarine;Reef,HabitatAquarium,social,mixed,likely,
blacktip-reef-shark,humphead-wrasse,Reef,HabitatAquarium,social,mixed,likely,
blacktip-reef-shark,indian-ocean-oriental-sweetlips,Estuarine;Reef,HabitatAquarium,social,social,likely,
blacktip-reef-shark,longfin-batfish,Reef,HabitatAquarium,social,social,likely,
blacktip-reef-shark,ocellated-eagle-ray,Estuarine;Reef,HabitatAquarium,social,mixed,likely,
blacktip-reef-shark,sailfin-snapper,Reef,HabitatAquarium,social,mixed,likely,
blacktip-reef-shark,schooling-bannerfish,Reef,HabitatAquarium,social,social,likely,
blacktip-reef-shark,threespot-damselfish,Mangrove;Reef,HabitatAquarium,social,mixed,likely,
blacktip-reef-shark,west-indian-manatee,Estuarine;Mangrove,HabitatAquarium,social,mixed,likely,
blacktip-reef-shark,yellow-tang,Reef,HabitatAquarium,social,social,likely,
blue-wildebeest,cape-buffalo,Savannah,HabitatTerrestrial,social,mixed,likely,
blue-wildebeest,common-ostrich,Savannah,HabitatTerrestrial,social,social,likely,
blue-wildebeest,common-warthog,Savannah,HabitatTerrestrial,social,mixed,likely,
blue-wildebeest,gemsbok,Savannah,HabitatTerrestrial,social,social,likely,
blue-wildebeest,grey-wolf,Savannah,HabitatTerrestrial,social,social,likely,
blue-wildebeest,lion,Savannah,HabitatTerrestrial,social,social,likely,
blue-wildebeest,masai-giraffe,Savannah,HabitatTerrestrial,social,mixed,likely,
blue-wildebeest,meerkat,Savannah,HabitatTerrestrial,social,social,likely,
blue-wildebeest,plains-zebra,Savannah,HabitatTerrestrial,social,social,likely,
blue-wildebeest,reticulated-giraffe,Savannah,HabitatTerrestrial,social,mixed,likely,
blue-wildebeest,sable-antelope,Savannah,HabitatTerrestrial,social,social,likely,
blue-wildebeest,spotted-hyena,Savannah,HabitatTerrestrial,social,social,likely,
blue-wildebeest,springbok,Savannah,HabitatTerrestrial,social,mixed,likely,
blue-wildebeest,thomson-s-gazelle,Savannah,HabitatTerrestrial,social,mixed,likely,
blue-and-gold-fusilier,clown-anemonefish,Reef,Exhibit;HabitatAquarium,social,social,likely,
blue-and-gold-fusilier,clown-triggerfish,Reef,HabitatAquarium,social,mixed,likely,
blue-and-gold-fusilier,golden-trevally,Reef,HabitatAquarium,social,mixed,likely,
blue-and-gold-fusilier,humphead-wrasse,Reef,HabitatAquarium,social,mixed,likely,
blue-and-gold-fusilier,indian-ocean-oriental-sweetlips,Reef,HabitatAquarium,social,social,likely,
blue-and-gold-fusilier,longfin-batfish,Reef,HabitatAquarium,social,social,likely,
blue-and-gold-fusilier,ocellated-eagle-ray,Reef,HabitatAquarium,social,mixed,likely,
blue-and-gold-fusilier,sailfin-snapper,Reef,HabitatAquarium,social,mixed,likely,
blue-and-gold-fusilier,schooling-bannerfish,Reef,Exhibit;HabitatAquarium,social,social,likely,
blue-and-gold-fusilier,threespot-damselfish,Reef,Exhibit;HabitatAquarium,social,mixed,likely,
blue-and-gold-fusilier,yellow-tang,Reef,Exhibit;HabitatAquarium,social,social,likely,
blunthead-cichlid,boeseman-s-rainbowfish,LakesAndRivers,Exhibit;HabitatAquarium,social,social,likely,
blunthead-cichlid,brown-trout,LakesAndRivers,Exhibit;HabitatAquarium,social,mixed,likely,
blunthead-cichlid,common-rudd,LakesAndRivers,Exhibit;HabitatAquarium,social,social,likely,
blunthead-cichlid,danube-crested-newt,LakesAndRivers,Exhibit,social,social,likely,
blunthead-cichlid,giant-gourami,LakesAndRivers,Exhibit;HabitatAquarium,social,social,likely,
blunthead-cichlid,west-indian-manatee,LakesAndRivers,HabitatAquarium,social,mixed,likely,
boeseman-s-rainbowfish,brown-trout,LakesAndRivers,Exhibit;HabitatAquarium,social,mixed,likely,
boeseman-s-rainbowfish,common-rudd,LakesAndRivers,Exhibit;HabitatAquarium,social,social,likely,
boeseman-s-rainbowfish,danube-crested-newt,LakesAndRivers,Exhibit,social,social,likely,
boeseman-s-rainbowfish,giant-gourami,LakesAndRivers,Exhibit;HabitatAquarium,social,social,likely,
boeseman-s-rainbowfish,west-indian-manatee,LakesAndRivers,HabitatAquarium,social,mixed,likely,
brown-trout,common-rudd,LakesAndRivers,Exhibit;HabitatAquarium,mixed,social,likely,
brown-trout,danube-crested-newt,LakesAndRivers,Exhibit,mixed,social,likely,
brown-trout,giant-gourami,LakesAndRivers,Exhibit;HabitatAquarium,mixed,social,likely,
brown-trout,west-indian-manatee,LakesAndRivers,HabitatAquarium,mixed,mixed,likely,
cape-buffalo,common-ostrich,Savannah,HabitatTerrestrial,mixed,social,likely,
cape-buffalo,common-warthog,Savannah,HabitatTerrestrial,mixed,mixed,likely,
cape-buffalo,gemsbok,Savannah,HabitatTerrestrial,mixed,social,likely,
cape-buffalo,gharial,Wetlands,HabitatTerrestrial,mixed,social,likely,
cape-buffalo,grey-wolf,Savannah,HabitatTerrestrial,mixed,social,likely,
cape-buffalo,lion,Savannah,HabitatTerrestrial,mixed,social,likely,
cape-buffalo,masai-giraffe,Savannah,HabitatTerrestrial,mixed,mixed,likely,
cape-buffalo,meerkat,Savannah,HabitatTerrestrial,mixed,social,likely,
cape-buffalo,plains-zebra,Savannah,HabitatTerrestrial,mixed,social,likely,
cape-buffalo,reticulated-giraffe,Savannah,HabitatTerrestrial,mixed,mixed,likely,
cape-buffalo,sable-antelope,Savannah,HabitatTerrestrial,mixed,social,likely,
cape-buffalo,spotted-hyena,Savannah,HabitatTerrestrial,mixed,social,likely,
cape-buffalo,springbok,Savannah,HabitatTerrestrial,mixed,mixed,likely,
cape-buffalo,thomson-s-gazelle,Savannah,HabitatTerrestrial,mixed,mixed,likely,
cape-buffalo,western-lowland-gorilla,Wetlands,HabitatTerrestrial,mixed,mixed,likely,
cloudless-sulphur,giant-tiger-land-snail,Savannah,Exhibit,mixed,social,likely,
cloudless-sulphur,old-world-swallowtail,Savannah;Taiga;Temperate,Exhibit,mixed,social,likely,
clown-anemonefish,clown-triggerfish,Reef,HabitatAquarium,social,mixed,likely,
clown-anemonefish,golden-trevally,Reef,HabitatAquarium,social,mixed,likely,
clown-anemonefish,humphead-wrasse,Reef,HabitatAquarium,social,mixed,likely,
clown-anemonefish,indian-ocean-oriental-sweetlips,Reef,HabitatAquarium,social,social,likely,
clown-anemonefish,longfin-batfish,Reef,HabitatAquarium,social,social,likely,
clown-anemonefish,ocellated-eagle-ray,Reef,HabitatAquarium,social,mixed,likely,
clown-anemonefish,sailfin-snapper,Reef,HabitatAquarium,social,mixed,likely,
clown-anemonefish,schooling-bannerfish,Reef,Exhibit;HabitatAquarium,social,social,likely,
clown-anemonefish,threespot-damselfish,Reef,Exhibit;HabitatAquarium,social,mixed,likely,
clown-anemonefish,yellow-tang,Reef,Exhibit;HabitatAquarium,social,social,likely,
clown-triggerfish,golden-trevally,Reef,HabitatAquarium,mixed,mixed,likely,
clown-triggerfish,humphead-wrasse,Reef,HabitatAquarium,mixed,mixed,likely,
clown-triggerfish,indian-ocean-oriental-sweetlips,Reef,HabitatAquarium,mixed,social,likely,
clown-triggerfish,longfin-batfish,Reef,HabitatAquarium,mixed,social,likely,
clown-triggerfish,ocellated-eagle-ray,Reef,HabitatAquarium,mixed,mixed,likely,
clown-triggerfish,sailfin-snapper,Reef,HabitatAquarium,mixed,mixed,likely,
clown-triggerfish,schooling-bannerfish,Reef,HabitatAquarium,mixed,social,likely,
clown-triggerfish,threespot-damselfish,Reef,HabitatAquarium,mixed,mixed,likely,
clown-triggerfish,yellow-tang,Reef,HabitatAquarium,mixed,social,likely,
common-ostrich,common-warthog,Savannah,HabitatTerrestrial,social,mixed,likely,
common-ostrich,gemsbok,Savannah,HabitatTerrestrial,social,social,likely,
common-ostrich,grey-wolf,Savannah,HabitatTerrestrial,social,social,likely,
common-ostrich,lion,Savannah,HabitatTerrestrial,social,social,likely,
common-ostrich,masai-giraffe,Savannah,HabitatTerrestrial,social,mixed,likely,
common-ostrich,meerkat,Savannah,HabitatTerrestrial,social,social,likely,
common-ostrich,plains-zebra,Savannah,HabitatTerrestrial,social,social,likely,
common-ostrich,reticulated-giraffe,Savannah,HabitatTerrestrial,social,mixed,likely,
common-ostrich,sable-antelope,Savannah,HabitatTerrestrial,social,social,likely,
common-ostrich,spotted-hyena,Savannah,HabitatTerrestrial,social,social,likely,
common-ostrich,springbok,Savannah,HabitatTerrestrial,social,mixed,likely,
common-ostrich,thomson-s-gazelle,Savannah,HabitatTerrestrial,social,mixed,likely,
common-rudd,danube-crested-newt,LakesAndRivers,Exhibit,social,social,likely,
common-rudd,giant-gourami,LakesAndRivers,Exhibit;HabitatAquarium,social,social,likely,
common-rudd,west-indian-manatee,LakesAndRivers,HabitatAquarium,social,mixed,likely,
common-warthog,gemsbok,Savannah,HabitatTerrestrial,mixed,social,likely,
common-warthog,grey-wolf,Savannah,HabitatTerrestrial,mixed,social,likely,
common-warthog,lion,Savannah,HabitatTerrestrial,mixed,social,likely,
common-warthog,masai-giraffe,Savannah,HabitatTerrestrial,mixed,mixed,likely,
common-warthog,meerkat,Savannah,HabitatTerrestrial,mixed,social,likely,
common-warthog,plains-zebra,Savannah,HabitatTerrestrial,mixed,social,likely,
common-warthog,reticulated-giraffe,Savannah,HabitatTerrestrial,mixed,mixed,likely,
common-warthog,sable-antelope,Savannah,HabitatTerrestrial,mixed,social,likely,
common-warthog,spotted-hyena,Savannah,HabitatTerrestrial,mixed,social,likely,
common-warthog,springbok,Savannah,HabitatTerrestrial,mixed,mixed,likely,
common-warthog,thomson-s-gazelle,Savannah,HabitatTerrestrial,mixed,mixed,likely,
danube-crested-newt,diamondback-terrapin,Wetlands,Exhibit,social,social,likely,
danube-crested-newt,giant-gourami,LakesAndRivers,Exhibit,social,social,likely,
diamondback-terrapin,moon-jelly,Estuarine,Exhibit,social,social,likely,
diamondback-terrapin,threespot-damselfish,Mangrove,Exhibit,social,mixed,likely,
dolphinfish,humphead-wrasse,OpenSea,HabitatAquarium,social,mixed,likely,
dolphinfish,ocellated-eagle-ray,OpenSea,HabitatAquarium,social,mixed,likely,
dolphinfish,pacific-sardine,OpenSea,HabitatAquarium,social,social,likely,
dolphinfish,west-indian-manatee,OpenSea,HabitatAquarium,social,mixed,likely,
eurasian-brown-bear,european-bison,Taiga;Temperate,HabitatTerrestrial,mixed,mixed,likely,
eurasian-brown-bear,grey-wolf,Taiga;Temperate;Tundra,HabitatTerrestrial,mixed,social,likely,
eurasian-brown-bear,red-deer,Temperate,HabitatTerrestrial,mixed,mixed,likely,
european-bison,grey-wolf,Taiga;Temperate,HabitatTerrestrial,mixed,social,likely,
european-bison,red-deer,Temperate,HabitatTerrestrial,mixed,mixed,likely,
gemsbok,grey-wolf,Desert;Savannah,HabitatTerrestrial,social,social,likely,
gemsbok,lion,Savannah,HabitatTerrestrial,social,social,likely,
gemsbok,masai-giraffe,Savannah,HabitatTerrestrial,social,mixed,likely,
gemsbok,meerkat,Desert;Savannah,HabitatTerrestrial,social,social,likely,
gemsbok,plains-zebra,Savannah,HabitatTerrestrial,social,social,likely,
gemsbok,reticulated-giraffe,Savannah,HabitatTerrestrial,social,mixed,likely,
gemsbok,sable-antelope,Savannah,HabitatTerrestrial,social,social,likely,
gemsbok,spotted-hyena,Desert;Savannah,HabitatTerrestrial,social,social,likely,
gemsbok,springbok,Desert;Savannah,HabitatTerrestrial,social,mixed,likely,
gemsbok,thomson-s-gazelle,Savannah,HabitatTerrestrial,social,mixed,likely,
gharial,golden-lion-tamarin,Rainforest,HabitatTerrestrial,social,social,likely,
gharial,grey-wolf,Rainforest,HabitatTerrestrial,social,social,likely,
gharial,ring-tailed-lemur,Rainforest,HabitatTerrestrial,social,social,likely,
gharial,siamang,Rainforest,HabitatTerrestrial,social,mixed,likely,
gharial,sumatran-orangutan,Rainforest,HabitatTerrestrial,social,mixed,likely,
gharial,western-chimpanzee,Rainforest,HabitatTerrestrial,social,social,likely,
gharial,western-lowland-gorilla,Rainforest;Wetlands,HabitatTerrestrial,social,mixed,likely,
giant-gourami,west-indian-manatee,LakesAndRivers,HabitatAquarium,social,mixed,likely,
giant-tiger-land-snail,golden-poison-frog,Rainforest,Exhibit,social,social,likely,
giant-tiger-land-snail,old-world-swallowtail,Savannah,Exhibit,social,social,likely,
golden-lion-tamarin,grey-wolf,Rainforest,HabitatTerrestrial,social,social,likely,
golden-lion-tamarin,ring-tailed-lemur,Rainforest,HabitatTerrestrial,social,social,likely,
golden-lion-tamarin,siamang,Rainforest,HabitatTerrestrial,social,mixed,likely,
golden-lion-tamarin,sumatran-orangutan,Rainforest,HabitatTerrestrial,social,mixed,likely,
golden-lion-tamarin,western-chimpanzee,Rainforest,HabitatTerrestrial,social,social,likely,
golden-lion-tamarin,western-lowland-gorilla,Rainforest,HabitatTerrestrial,social,mixed,likely,
golden-trevally,humphead-wrasse,Reef,HabitatAquarium,mixed,mixed,likely,
golden-trevally,indian-ocean-oriental-sweetlips,Estuarine;Reef,HabitatAquarium,mixed,social,likely,
golden-trevally,longfin-batfish,Reef,HabitatAquarium,mixed,social,likely,
golden-trevally,ocellated-eagle-ray,Estuarine;Reef,HabitatAquarium,mixed,mixed,likely,
golden-trevally,sailfin-snapper,Reef,HabitatAquarium,mixed,mixed,likely,
golden-trevally,schooling-bannerfish,Reef,HabitatAquarium,mixed,social,likely,
golden-trevally,threespot-damselfish,Reef,HabitatAquarium,mixed,mixed,likely,
golden-trevally,west-indian-manatee,Estuarine,HabitatAquarium,mixed,mixed,likely,
golden-trevally,yellow-tang,Reef,HabitatAquarium,mixed,social,likely,
grey-wolf,lion,Savannah,HabitatTerrestrial,social,social,likely,
grey-wolf,masai-giraffe,Savannah,HabitatTerrestrial,social,mixed,likely,
grey-wolf,meerkat,Desert;Savannah,HabitatTerrestrial,social,social,likely,
grey-wolf,plains-zebra,Savannah,HabitatTerrestrial,social,social,likely,
grey-wolf,red-deer,Temperate,HabitatTerrestrial,social,mixed,likely,
grey-wolf,reticulated-giraffe,Savannah,HabitatTerrestrial,social,mixed,likely,
grey-wolf,ring-tailed-lemur,Rainforest,HabitatTerrestrial,social,social,likely,
grey-wolf,sable-antelope,Savannah,HabitatTerrestrial,social,social,likely,
grey-wolf,siamang,Rainforest,HabitatTerrestrial,social,mixed,likely,
grey-wolf,spotted-hyena,Desert;Savannah,HabitatTerrestrial,social,social,likely,
grey-wolf,springbok,Desert;Savannah,HabitatTerrestrial,social,mixed,likely,
grey-wolf,sumatran-orangutan,Rainforest,HabitatTerrestrial,social,mixed,likely,
grey-wolf,thomson-s-gazelle,Savannah,HabitatTerrestrial,social,mixed,likely,
grey-wolf,western-chimpanzee,Rainforest,HabitatTerrestrial,social,social,likely,
grey-wolf,western-lowland-gorilla,Rainforest,HabitatTerrestrial,social,mixed,likely,
humphead-wrasse,indian-ocean-oriental-sweetlips,Reef,HabitatAquarium,mixed,social,likely,
humphead-wrasse,longfin-batfish,Reef,HabitatAquarium,mixed,social,likely,
humphead-wrasse,ocellated-eagle-ray,OpenSea;Reef,HabitatAquarium,mixed,mixed,likely,
humphead-wrasse,pacific-sardine,OpenSea,HabitatAquarium,mixed,social,likely,
humphead-wrasse,sailfin-snapper,Reef,HabitatAquarium,mixed,mixed,likely,
humphead-wrasse,schooling-bannerfish,Reef,HabitatAquarium,mixed,social,likely,
humphead-wrasse,threespot-damselfish,Reef,HabitatAquarium,mixed,mixed,likely,
humphead-wrasse,west-indian-manatee,OpenSea,HabitatAquarium,mixed,mixed,likely,
humphead-wrasse,yellow-tang,Reef,HabitatAquarium,mixed,social,likely,
indian-ocean-oriental-sweetlips,longfin-batfish,Reef,HabitatAquarium,social,social,likely,
indian-ocean-oriental-sweetlips,ocellated-eagle-ray,Estuarine;Reef,HabitatAquarium,social,mixed,likely,
indian-ocean-oriental-sweetlips,sailfin-snapper,Reef,HabitatAquarium,social,mixed,likely,
indian-ocean-oriental-sweetlips,schooling-bannerfish,Reef,HabitatAquarium,social,social,likely,
indian-ocean-oriental-sweetlips,threespot-damselfish,Reef,HabitatAquarium,social,mixed,likely,
indian-ocean-oriental-sweetlips,west-indian-manatee,Estuarine,HabitatAquarium,social,mixed,likely,
indian-ocean-oriental-sweetlips,yellow-tang,Reef,HabitatAquarium,social,social,likely,
lion,masai-giraffe,Savannah,HabitatTerrestrial,social,mixed,likely,
lion,meerkat,Savannah,HabitatTerrestrial,social,social,likely,
lion,plains-zebra,Savannah,HabitatTerrestrial,social,social,likely,
lion,reticulated-giraffe,Savannah,HabitatTerrestrial,social,mixed,likely,
lion,sable-antelope,Savannah,HabitatTerrestrial,social,social,likely,
lion,spotted-hyena,Savannah,HabitatTerrestrial,social,social,likely,
lion,springbok,Savannah,HabitatTerrestrial,social,mixed,likely,
lion,thomson-s-gazelle,Savannah,HabitatTerrestrial,social,mixed,likely,
longfin-batfish,ocellated-eagle-ray,Reef,HabitatAquarium,social,mixed,likely,
longfin-batfish,sailfin-snapper,Reef,HabitatAquarium,social,mixed,likely,
longfin-batfish,schooling-bannerfish,Reef,HabitatAquarium,social,social,likely,
longfin-batfish,threespot-damselfish,Reef,HabitatAquarium,social,mixed,likely,
longfin-batfish,yellow-tang,Reef,HabitatAquarium,social,social,likely,
masai-giraffe,meerkat,Savannah,HabitatTerrestrial,mixed,social,likely,
masai-giraffe,plains-zebra,Savannah,HabitatTerrestrial,mixed,social,likely,
masai-giraffe,reticulated-giraffe,Savannah,HabitatTerrestrial,mixed,mixed,likely,
masai-giraffe,sable-antelope,Savannah,HabitatTerrestrial,mixed,social,likely,
masai-giraffe,spotted-hyena,Savannah,HabitatTerrestrial,mixed,social,likely,
masai-giraffe,springbok,Savannah,HabitatTerrestrial,mixed,mixed,likely,
masai-giraffe,thomson-s-gazelle,Savannah,HabitatTerrestrial,mixed,mixed,likely,
meerkat,plains-zebra,Savannah,HabitatTerrestrial,social,social,likely,
meerkat,reticulated-giraffe,Savannah,HabitatTerrestrial,social,mixed,likely,
meerkat,sable-antelope,Savannah,HabitatTerrestrial,social,social,likely,
meerkat,spotted-hyena,Desert;Savannah,HabitatTerrestrial,social,social,likely,
meerkat,springbok,Desert;Savannah,HabitatTerrestrial,social,mixed,likely,
meerkat,thomson-s-gazelle,Savannah,HabitatTerrestrial,social,mixed,likely,
ocellated-eagle-ray,pacific-sardine,OpenSea,HabitatAquarium,mixed,social,likely,
ocellated-eagle-ray,sailfin-snapper,Reef,HabitatAquarium,mixed,mixed,likely,
ocellated-eagle-ray,schooling-bannerfish,Reef,HabitatAquarium,mixed,social,likely,
ocellated-eagle-ray,threespot-damselfish,Reef,HabitatAquarium,mixed,mixed,likely,
ocellated-eagle-ray,west-indian-manatee,Estuarine;OpenSea,HabitatAquarium,mixed,mixed,likely,
ocellated-eagle-ray,yellow-tang,Reef,HabitatAquarium,mixed,social,likely,
pacific-sardine,west-indian-manatee,OpenSea,HabitatAquarium,social,mixed,likely,
plains-zebra,reticulated-giraffe,Savannah,HabitatTerrestrial,social,mixed,likely,
plains-zebra,sable-antelope,Savannah,HabitatTerrestrial,social,social,likely,
plains-zebra,spotted-hyena,Savannah,HabitatTerrestrial,social,social,likely,
plains-zebra,springbok,Savannah,HabitatTerrestrial,social,mixed,likely,
plains-zebra,thomson-s-gazelle,Savannah,HabitatTerrestrial,social,mixed,likely,
reticulated-giraffe,sable-antelope,Savannah,HabitatTerrestrial,mixed,social,likely,
reticulated-giraffe,spotted-hyena,Savannah,HabitatTerrestrial,mixed,social,likely,
reticulated-giraffe,springbok,Savannah,HabitatTerrestrial,mixed,mixed,likely,
reticulated-giraffe,thomson-s-gazelle,Savannah,HabitatTerrestrial,mixed,mixed,likely,
ring-tailed-lemur,siamang,Rainforest,HabitatTerrestrial,social,mixed,likely,
ring-tailed-lemur,sumatran-orangutan,Rainforest,HabitatTerrestrial,social,mixed,likely,
ring-tailed-lemur,western-chimpanzee,Rainforest,HabitatTerrestrial,social,social,likely,
ring-tailed-lemur,western-lowland-gorilla,Rainforest,HabitatTerrestrial,social,mixed,likely,
sable-antelope,spotted-hyena,Savannah,HabitatTerrestrial,social,social,likely,
sable-antelope,springbok,Savannah,HabitatTerrestrial,social,mixed,likely,
sable-antelope,thomson-s-gazelle,Savannah,HabitatTerrestrial,social,mixed,likely,
sailfin-snapper,schooling-bannerfish,Reef,HabitatAquarium,mixed,social,likely,
sailfin-snapper,threespot-damselfish,Reef,HabitatAquarium,mixed,mixed,likely,
sailfin-snapper,yellow-tang,Reef,HabitatAquarium,mixed,social,likely,
schooling-bannerfish,threespot-damselfish,Reef,Exhibit;HabitatAquarium,social,mixed,likely,
schooling-bannerfish,yellow-tang,Reef,Exhibit;HabitatAquarium,social,social,likely,
siamang,sumatran-orangutan,Rainforest,HabitatTerrestrial,mixed,mixed,likely,
siamang,western-chimpanzee,Rainforest,HabitatTerrestrial,mixed,social,likely,
siamang,western-lowland-gorilla,Rainforest,HabitatTerrestrial,mixed,mixed,likely,
spotted-hyena,springbok,Desert;Savannah,HabitatTerrestrial,social,mixed,likely,
spotted-hyena,thomson-s-gazelle,Savannah,HabitatTerrestrial,social,mixed,likely,
springbok,thomson-s-gazelle,Savannah,HabitatTerrestrial,mixed,mixed,likely,
sumatran-orangutan,western-chimpanzee,Rainforest,HabitatTerrestrial,mixed,social,likely,
sumatran-orangutan,western-lowland-gorilla,Rainforest,HabitatTerrestrial,mixed,mixed,likely,
threespot-damselfish,west-indian-manatee,Mangrove,HabitatAquarium,mixed,mixed,likely,
threespot-damselfish,yellow-tang,Reef,Exhibit;HabitatAquarium,mixed,social,likely,
western-chimpanzee,western-lowland-gorilla,Rainforest,HabitatTerrestrial,social,mixed,likely,
african-penguin,przewalski-s-horse,Savannah,HabitatTerrestrial,social,unknown,unverified,przewalski-s-horse
african-savannah-elephant,przewalski-s-horse,Desert;Savannah,HabitatTerrestrial,mixed,unknown,unverified,przewalski-s-horse
african-wild-dog,przewalski-s-horse,Savannah,HabitatTerrestrial,social,unknown,unverified,przewalski-s-horse
american-bullfrog,blunthead-cichlid,LakesAndRivers,Exhibit,unknown,social,unverified,american-bullfrog
american-bullfrog,boeseman-s-rainbowfish,LakesAndRivers,Exhibit,unknown,social,unverified,american-bullfrog
american-bullfrog,brown-trout,LakesAndRivers,Exhibit,unknown,mixed,unverified,american-bullfrog
american-bullfrog,clown-loach,LakesAndRivers,Exhibit,unknown,unknown,unverified,american-bullfrog
american-bullfrog,common-rudd,LakesAndRivers,Exhibit,unknown,social,unverified,american-bullfrog
american-bullfrog,danube-crested-newt,LakesAndRivers;Wetlands,Exhibit,unknown,social,unverified,american-bullfrog
american-bullfrog,diamondback-terrapin,Wetlands,Exhibit,unknown,social,unverified,american-bullfrog
american-bullfrog,giant-gourami,LakesAndRivers,Exhibit,unknown,social,unverified,american-bullfrog
asian-elephant,przewalski-s-horse,Savannah,HabitatTerrestrial,mixed,unknown,unverified,przewalski-s-horse
bactrian-camel,eurasian-beaver,Temperate,HabitatTerrestrial,social,unknown,unverified,eurasian-beaver
bactrian-camel,przewalski-s-horse,Desert;Savannah,HabitatTerrestrial,social,unknown,unverified,przewalski-s-horse
black-wildebeest,przewalski-s-horse,Savannah,HabitatTerrestrial,social,unknown,unverified,przewalski-s-horse
blacktip-reef-shark,bluespine-unicornfish,Reef,HabitatAquarium,social,unknown,unverified,bluespine-unicornfish
blacktip-reef-shark,indo-pacific-sergeant,Reef,HabitatAquarium,social,unknown,unverified,indo-pacific-sergeant
blacktip-reef-shark,palette-surgeonfish,Reef,HabitatAquarium,social,unknown,unverified,palette-surgeonfish
blue-wildebeest,przewalski-s-horse,Savannah,HabitatTerrestrial,social,unknown,unverified,przewalski-s-horse
blue-and-gold-fusilier,bluespine-unicornfish,Reef,Exhibit;HabitatAquarium,social,unknown,unverified,bluespine-unicornfish
blue-and-gold-fusilier,indo-pacific-sergeant,Reef,Exhibit;HabitatAquarium,social,unknown,unverified,indo-pacific-sergeant
blue-and-gold-fusilier,palette-surgeonfish,Reef,Exhibit;HabitatAquarium,social,unknown,unverified,palette-surgeonfish
bluespine-unicornfish,clown-anemonefish,Reef,Exhibit;HabitatAquarium,unknown,social,unverified,bluespine-unicornfish
bluespine-unicornfish,clown-triggerfish,Reef,HabitatAquarium,unknown,mixed,unverified,bluespine-unicornfish
bluespine-unicornfish,golden-trevally,Reef,HabitatAquarium,unknown,mixed,unverified,bluespine-unicornfish
bluespine-unicornfish,humphead-wrasse,Reef,HabitatAquarium,unknown,mixed,unverified,bluespine-unicornfish
bluespine-unicornfish,indian-ocean-oriental-sweetlips,Reef,HabitatAquarium,unknown,social,unverified,bluespine-unicornfish
bluespine-unicornfish,indo-pacific-sergeant,Reef,Exhibit;HabitatAquarium,unknown,unknown,unverified,bluespine-unicornfish
bluespine-unicornfish,longfin-batfish,Reef,HabitatAquarium,unknown,social,unverified,bluespine-unicornfish
bluespine-unicornfish,ocellated-eagle-ray,Reef,HabitatAquarium,unknown,mixed,unverified,bluespine-unicornfish
bluespine-unicornfish,palette-surgeonfish,Reef,Exhibit;HabitatAquarium,unknown,unknown,unverified,bluespine-unicornfish
bluespine-unicornfish,sailfin-snapper,Reef,HabitatAquarium,unknown,mixed,unverified,bluespine-unicornfish
bluespine-unicornfish,schooling-bannerfish,Reef,Exhibit;HabitatAquarium,unknown,social,unverified,bluespine-unicornfish
bluespine-unicornfish,threespot-damselfish,Reef,Exhibit;HabitatAquarium,unknown,mixed,unverified,bluespine-unicornfish
bluespine-unicornfish,yellow-tang,Reef,Exhibit;HabitatAquarium,unknown,social,unverified,bluespine-unicornfish
blunthead-cichlid,clown-loach,LakesAndRivers,Exhibit;HabitatAquarium,social,unknown,unverified,clown-loach
boeseman-s-rainbowfish,clown-loach,LakesAndRivers,Exhibit;HabitatAquarium,social,unknown,unverified,clown-loach
brown-trout,clown-loach,LakesAndRivers,Exhibit;HabitatAquarium,mixed,unknown,unverified,clown-loach
cape-buffalo,przewalski-s-horse,Savannah,HabitatTerrestrial,mixed,unknown,unverified,przewalski-s-horse
clown-anemonefish,indo-pacific-sergeant,Reef,Exhibit;HabitatAquarium,social,unknown,unverified,indo-pacific-sergeant
clown-anemonefish,palette-surgeonfish,Reef,Exhibit;HabitatAquarium,social,unknown,unverified,palette-surgeonfish
clown-loach,common-rudd,LakesAndRivers,Exhibit;HabitatAquarium,unknown,social,unverified,clown-loach
clown-loach,danube-crested-newt,LakesAndRivers,Exhibit,unknown,social,unverified,clown-loach
clown-loach,giant-gourami,LakesAndRivers,Exhibit;HabitatAquarium,unknown,social,unverified,clown-loach
clown-loach,west-indian-manatee,LakesAndRivers,HabitatAquarium,unknown,mixed,unverified,clown-loach
clown-triggerfish,indo-pacific-sergeant,Reef,HabitatAquarium,mixed,unknown,unverified,indo-pacific-sergeant
clown-triggerfish,palette-surgeonfish,Reef,HabitatAquarium,mixed,unknown,unverified,palette-surgeonfish
common-ostrich,przewalski-s-horse,Savannah,HabitatTerrestrial,social,unknown,unverified,przewalski-s-horse
common-warthog,przewalski-s-horse,Savannah,HabitatTerrestrial,mixed,unknown,unverified,przewalski-s-horse
dolphinfish,indo-pacific-sergeant,OpenSea,HabitatAquarium,social,unknown,unverified,indo-pacific-sergeant
dolphinfish,pacific-bluefin-tuna,OpenSea,HabitatAquarium,social,unknown,unverified,pacific-bluefin-tuna
eurasian-beaver,eurasian-brown-bear,Taiga;Temperate,HabitatTerrestrial,unknown,mixed,unverified,eurasian-beaver
eurasian-beaver,european-bison,Taiga;Temperate,HabitatTerrestrial,unknown,mixed,unverified,eurasian-beaver
eurasian-beaver,gharial,LakesAndRivers,HabitatTerrestrial,unknown,social,unverified,eurasian-beaver
eurasian-beaver,grey-wolf,Taiga;Temperate,HabitatTerrestrial,unknown,social,unverified,eurasian-beaver
eurasian-beaver,red-deer,Temperate,HabitatTerrestrial,unknown,mixed,unverified,eurasian-beaver
gemsbok,przewalski-s-horse,Desert;Savannah,HabitatTerrestrial,social,unknown,unverified,przewalski-s-horse
golden-trevally,indo-pacific-sergeant,Reef,HabitatAquarium,mixed,unknown,unverified,indo-pacific-sergeant
golden-trevally,palette-surgeonfish,Reef,HabitatAquarium,mixed,unknown,unverified,palette-surgeonfish
great-hornbill,javan-green-magpie,Rainforest,HabitatFlying,unknown,unknown,unverified,great-hornbill
great-hornbill,long-tailed-parakeet,Rainforest,HabitatFlying,unknown,social,unverified,great-hornbill
great-hornbill,toco-toucan,Rainforest,HabitatFlying,unknown,unknown,unverified,great-hornbill
greater-flamingo,toco-toucan,Wetlands,HabitatFlying,social,unknown,unverified,toco-toucan
greater-flamingo,white-tailed-sea-eagle,Temperate;Wetlands,HabitatFlying,social,unknown,unverified,white-tailed-sea-eagle
grey-wolf,przewalski-s-horse,Desert;Savannah,HabitatTerrestrial,social,unknown,unverified,przewalski-s-horse
humphead-wrasse,indo-pacific-sergeant,OpenSea;Reef,HabitatAquarium,mixed,unknown,unverified,indo-pacific-sergeant
humphead-wrasse,pacific-bluefin-tuna,OpenSea,HabitatAquarium,mixed,unknown,unverified,pacific-bluefin-tuna
humphead-wrasse,palette-surgeonfish,Reef,HabitatAquarium,mixed,unknown,unverified,palette-surgeonfish
indian-ocean-oriental-sweetlips,indo-pacific-sergeant,Reef,HabitatAquarium,social,unknown,unverified,indo-pacific-sergeant
indian-ocean-oriental-sweetlips,palette-surgeonfish,Reef,HabitatAquarium,social,unknown,unverified,palette-surgeonfish
indo-pacific-sergeant,longfin-batfish,Reef,HabitatAquarium,unknown,social,unverified,indo-pacific-sergeant
indo-pacific-sergeant,moon-jelly,OpenSea,Exhibit,unknown,social,unverified,indo-pacific-sergeant
indo-pacific-sergeant,ocellated-eagle-ray,OpenSea;Reef,HabitatAquarium,unknown,mixed,unverified,indo-pacific-sergeant
indo-pacific-sergeant,pacific-bluefin-tuna,OpenSea,HabitatAquarium,unknown,unknown,unverified,indo-pacific-sergeant
indo-pacific-sergeant,pacific-sardine,OpenSea,HabitatAquarium,unknown,social,unverified,indo-pacific-sergeant
indo-pacific-sergeant,palette-surgeonfish,Reef,Exhibit;HabitatAquarium,unknown,unknown,unverified,indo-pacific-sergeant
indo-pacific-sergeant,sailfin-snapper,Reef,HabitatAquarium,unknown,mixed,unverified,indo-pacific-sergeant
indo-pacific-sergeant,schooling-bannerfish,Reef,Exhibit;HabitatAquarium,unknown,social,unverified,indo-pacific-sergeant
indo-pacific-sergeant,threespot-damselfish,Reef,Exhibit;HabitatAquarium,unknown,mixed,unverified,indo-pacific-sergeant
indo-pacific-sergeant,west-indian-manatee,OpenSea,HabitatAquarium,unknown,mixed,unverified,indo-pacific-sergeant
indo-pacific-sergeant,yellow-tang,Reef,Exhibit;HabitatAquarium,unknown,social,unverified,indo-pacific-sergeant
javan-green-magpie,long-tailed-parakeet,Rainforest,HabitatFlying,unknown,social,unverified,javan-green-magpie
javan-green-magpie,toco-toucan,Rainforest,HabitatFlying,unknown,unknown,unverified,javan-green-magpie
lion,przewalski-s-horse,Savannah,HabitatTerrestrial,social,unknown,unverified,przewalski-s-horse
long-tailed-parakeet,toco-toucan,Rainforest,HabitatFlying,social,unknown,unverified,toco-toucan
longfin-batfish,palette-surgeonfish,Reef,HabitatAquarium,social,unknown,unverified,palette-surgeonfish
masai-giraffe,przewalski-s-horse,Savannah,HabitatTerrestrial,mixed,unknown,unverified,przewalski-s-horse
meerkat,przewalski-s-horse,Desert;Savannah,HabitatTerrestrial,social,unknown,unverified,przewalski-s-horse
ocellated-eagle-ray,pacific-bluefin-tuna,OpenSea,HabitatAquarium,mixed,unknown,unverified,pacific-bluefin-tuna
ocellated-eagle-ray,palette-surgeonfish,Reef,HabitatAquarium,mixed,unknown,unverified,palette-surgeonfish
pacific-bluefin-tuna,pacific-sardine,OpenSea,HabitatAquarium,unknown,social,unverified,pacific-bluefin-tuna
pacific-bluefin-tuna,west-indian-manatee,OpenSea,HabitatAquarium,unknown,mixed,unverified,pacific-bluefin-tuna
palette-surgeonfish,sailfin-snapper,Reef,HabitatAquarium,unknown,mixed,unverified,palette-surgeonfish
palette-surgeonfish,schooling-bannerfish,Reef,Exhibit;HabitatAquarium,unknown,social,unverified,palette-surgeonfish
palette-surgeonfish,threespot-damselfish,Reef,Exhibit;HabitatAquarium,unknown,mixed,unverified,palette-surgeonfish
palette-surgeonfish,yellow-tang,Reef,Exhibit;HabitatAquarium,unknown,social,unverified,palette-surgeonfish
plains-zebra,przewalski-s-horse,Savannah,HabitatTerrestrial,social,unknown,unverified,przewalski-s-horse
przewalski-s-horse,reticulated-giraffe,Savannah,HabitatTerrestrial,unknown,mixed,unverified,przewalski-s-horse
przewalski-s-horse,sable-antelope,Savannah,HabitatTerrestrial,unknown,social,unverified,przewalski-s-horse
przewalski-s-horse,spotted-hyena,Desert;Savannah,HabitatTerrestrial,unknown,social,unverified,przewalski-s-horse
przewalski-s-horse,springbok,Desert;Savannah,HabitatTerrestrial,unknown,mixed,unverified,przewalski-s-horse
przewalski-s-horse,thomson-s-gazelle,Savannah,HabitatTerrestrial,unknown,mixed,unverified,przewalski-s-horse
secretarybird,toco-toucan,Savannah,HabitatFlying,unknown,unknown,unverified,secretarybird
secretarybird,white-backed-vulture,Savannah,HabitatFlying,unknown,social,unverified,secretarybird
toco-toucan,white-backed-vulture,Savannah,HabitatFlying,unknown,social,unverified,toco-toucan
toco-toucan,white-tailed-sea-eagle,Wetlands,HabitatFlying,unknown,unknown,unverified,toco-toucan
aardvark,african-leopard,Savannah,HabitatTerrestrial,solitary,solitary,no,aardvark
aardvark,african-penguin,Savannah,HabitatTerrestrial,solitary,social,no,aardvark
aardvark,african-savannah-elephant,Savannah,HabitatTerrestrial,solitary,mixed,no,aardvark
aardvark,african-wild-dog,Savannah,HabitatTerrestrial,solitary,social,no,aardvark
aardvark,asian-elephant,Savannah,HabitatTerrestrial,solitary,mixed,no,aardvark
aardvark,bactrian-camel,Savannah,HabitatTerrestrial,solitary,social,no,aardvark
aardvark,black-wildebeest,Savannah,HabitatTerrestrial,solitary,social,no,aardvark
aardvark,blue-wildebeest,Savannah,HabitatTerrestrial,solitary,social,no,aardvark
aardvark,cape-buffalo,Savannah,HabitatTerrestrial,solitary,mixed,no,aardvark
aardvark,common-hippopotamus,Savannah,HabitatTerrestrial,solitary,solitary,no,aardvark
aardvark,common-ostrich,Savannah,HabitatTerrestrial,solitary,social,no,aardvark
aardvark,common-warthog,Savannah,HabitatTerrestrial,solitary,mixed,no,aardvark
aardvark,gemsbok,Savannah,HabitatTerrestrial,solitary,social,no,aardvark
aardvark,grey-wolf,Savannah,HabitatTerrestrial,solitary,social,no,aardvark
aardvark,lion,Savannah,HabitatTerrestrial,solitary,social,no,aardvark
aardvark,masai-giraffe,Savannah,HabitatTerrestrial,solitary,mixed,no,aardvark
aardvark,meerkat,Savannah,HabitatTerrestrial,solitary,social,no,aardvark
aardvark,nile-monitor,Savannah,HabitatTerrestrial,solitary,solitary,no,aardvark
aardvark,nyala,Savannah,HabitatTerrestrial,solitary,solitary,no,aardvark
aardvark,plains-zebra,Savannah,HabitatTerrestrial,solitary,social,no,aardvark
aardvark,przewalski-s-horse,Savannah,HabitatTerrestrial,solitary,unknown,no,aardvark
aardvark,reticulated-giraffe,Savannah,HabitatTerrestrial,solitary,mixed,no,aardvark
aardvark,sable-antelope,Savannah,HabitatTerrestrial,solitary,social,no,aardvark
aardvark,spotted-hyena,Savannah,HabitatTerrestrial,solitary,social,no,aardvark
aardvark,springbok,Savannah,HabitatTerrestrial,solitary,mixed,no,aardvark
aardvark,thomson-s-gazelle,Savannah,HabitatTerrestrial,solitary,mixed,no,aardvark
aardvark,wild-boar,Savannah,HabitatTerrestrial,solitary,solitary,no,aardvark
african-leopard,african-penguin,Savannah,HabitatTerrestrial,solitary,social,no,african-leopard
african-leopard,african-savannah-elephant,Savannah,HabitatTerrestrial,solitary,mixed,no,african-leopard
african-leopard,african-wild-dog,Savannah,HabitatTerrestrial,solitary,social,no,african-leopard
african-leopard,asian-elephant,Rainforest;Savannah,HabitatTerrestrial,solitary,mixed,no,african-leopard
african-leopard,bactrian-camel,Savannah,HabitatTerrestrial,solitary,social,no,african-leopard
african-leopard,black-wildebeest,Savannah,HabitatTerrestrial,solitary,social,no,african-leopard
african-leopard,blue-wildebeest,Savannah,HabitatTerrestrial,solitary,social,no,african-leopard
african-leopard,cape-buffalo,Savannah,HabitatTerrestrial,solitary,mixed,no,african-leopard
african-leopard,common-hippopotamus,Savannah,HabitatTerrestrial,solitary,solitary,no,african-leopard
african-leopard,common-ostrich,Savannah,HabitatTerrestrial,solitary,social,no,african-leopard
african-leopard,common-warthog,Savannah,HabitatTerrestrial,solitary,mixed,no,african-leopard
african-leopard,galápagos-giant-tortoise,Rainforest,HabitatTerrestrial,solitary,solitary,no,african-leopard
african-leopard,gemsbok,Savannah,HabitatTerrestrial,solitary,social,no,african-leopard
african-leopard,gharial,Rainforest,HabitatTerrestrial,solitary,social,no,african-leopard
african-leopard,golden-lion-tamarin,Rainforest,HabitatTerrestrial,solitary,social,no,african-leopard
african-leopard,goodfellow-s-tree-kangaroo,Rainforest,HabitatTerrestrial,solitary,solitary,no,african-leopard
african-leopard,grey-wolf,Rainforest;Savannah,HabitatTerrestrial,solitary,social,no,african-leopard
african-leopard,komodo-dragon,Rainforest,HabitatTerrestrial,solitary,solitary,no,african-leopard
african-leopard,lion,Savannah,HabitatTerrestrial,solitary,social,no,african-leopard
african-leopard,malayan-tapir,Rainforest,HabitatTerrestrial,solitary,solitary,no,african-leopard
african-leopard,masai-giraffe,Savannah,HabitatTerrestrial,solitary,mixed,no,african-leopard
african-leopard,meerkat,Savannah,HabitatTerrestrial,solitary,social,no,african-leopard
african-leopard,nile-monitor,Savannah,HabitatTerrestrial,solitary,solitary,no,african-leopard
african-leopard,north-sulawesi-babirusa,Rainforest,HabitatTerrestrial,solitary,solitary,no,african-leopard
african-leopard,nyala,Savannah,HabitatTerrestrial,solitary,solitary,no,african-leopard
african-leopard,plains-zebra,Savannah,HabitatTerrestrial,solitary,social,no,african-leopard
african-leopard,przewalski-s-horse,Savannah,HabitatTerrestrial,solitary,unknown,no,african-leopard
african-leopard,reticulated-giraffe,Savannah,HabitatTerrestrial,solitary,mixed,no,african-leopard
african-leopard,ring-tailed-lemur,Rainforest,HabitatTerrestrial,solitary,social,no,african-leopard
african-leopard,sable-antelope,Savannah,HabitatTerrestrial,solitary,social,no,african-leopard
african-leopard,saltwater-crocodile,Rainforest,HabitatTerrestrial,solitary,solitary,no,african-leopard
african-leopard,siamang,Rainforest,HabitatTerrestrial,solitary,mixed,no,african-leopard
african-leopard,spotted-hyena,Savannah,HabitatTerrestrial,solitary,social,no,african-leopard
african-leopard,springbok,Savannah,HabitatTerrestrial,solitary,mixed,no,african-leopard
african-leopard,sumatran-orangutan,Rainforest,HabitatTerrestrial,solitary,mixed,no,african-leopard
african-leopard,sumatran-tiger,Rainforest,HabitatTerrestrial,solitary,solitary,no,african-leopard
african-leopard,sun-bear,Rainforest,HabitatTerrestrial,solitary,solitary,no,african-leopard
african-leopard,sunda-pangolin,Rainforest,HabitatTerrestrial,solitary,solitary,no,african-leopard
african-leopard,thomson-s-gazelle,Savannah,HabitatTerrestrial,solitary,mixed,no,african-leopard
african-leopard,western-chimpanzee,Rainforest,HabitatTerrestrial,solitary,social,no,african-leopard
african-leopard,western-lowland-gorilla,Rainforest,HabitatTerrestrial,solitary,mixed,no,african-leopard
african-leopard,wild-boar,Rainforest;Savannah,HabitatTerrestrial,solitary,solitary,no,african-leopard
african-penguin,common-hippopotamus,Savannah,HabitatTerrestrial,social,solitary,no,common-hippopotamus
african-penguin,nile-monitor,Savannah,HabitatTerrestrial,social,solitary,no,nile-monitor
african-penguin,nyala,Savannah,HabitatTerrestrial,social,solitary,no,nyala
african-penguin,wild-boar,Savannah,HabitatTerrestrial,social,solitary,no,wild-boar
african-savannah-elephant,common-hippopotamus,Savannah;Wetlands,HabitatTerrestrial,mixed,solitary,no,common-hippopotamus
african-savannah-elephant,grizzly-bear,Wetlands,HabitatTerrestrial,mixed,solitary,no,grizzly-bear
african-savannah-elephant,komodo-dragon,Wetlands,HabitatTerrestrial,mixed,solitary,no,komodo-dragon
african-savannah-elephant,malayan-tapir,Wetlands,HabitatTerrestrial,mixed,solitary,no,malayan-tapir
african-savannah-elephant,nile-monitor,Savannah;Wetlands,HabitatTerrestrial,mixed,solitary,no,nile-monitor
african-savannah-elephant,nyala,Savannah,HabitatTerrestrial,mixed,solitary,no,nyala
african-savannah-elephant,sumatran-tiger,Wetlands,HabitatTerrestrial,mixed,solitary,no,sumatran-tiger
african-savannah-elephant,sun-bear,Wetlands,HabitatTerrestrial,mixed,solitary,no,sun-bear
african-savannah-elephant,wild-boar,Savannah;Wetlands,HabitatTerrestrial,mixed,solitary,no,wild-boar
african-tigerfish,american-bullfrog,LakesAndRivers,Exhibit,solitary,unknown,no,african-tigerfish
african-tigerfish,axolotl,LakesAndRivers,Exhibit,solitary,solitary,no,african-tigerfish
african-tigerfish,blunthead-cichlid,LakesAndRivers,Exhibit;HabitatAquarium,solitary,social,no,african-tigerfish
african-tigerfish,boeseman-s-rainbowfish,LakesAndRivers,Exhibit;HabitatAquarium,solitary,social,no,african-tigerfish
african-tigerfish,brown-trout,LakesAndRivers,Exhibit;HabitatAquarium,solitary,mixed,no,african-tigerfish
african-tigerfish,clown-loach,LakesAndRivers,Exhibit;HabitatAquarium,solitary,unknown,no,african-tigerfish
african-tigerfish,common-rudd,LakesAndRivers,Exhibit;HabitatAquarium,solitary,social,no,african-tigerfish
african-tigerfish,danube-crested-newt,LakesAndRivers,Exhibit,solitary,social,no,african-tigerfish
african-tigerfish,giant-gourami,LakesAndRivers,Exhibit;HabitatAquarium,solitary,social,no,african-tigerfish
african-tigerfish,giant-slippery-frog,LakesAndRivers,Exhibit,solitary,solitary,no,african-tigerfish
african-tigerfish,west-indian-manatee,LakesAndRivers,HabitatAquarium,solitary,mixed,no,african-tigerfish
african-wild-dog,common-hippopotamus,Savannah,HabitatTerrestrial,social,solitary,no,common-hippopotamus
african-wild-dog,nile-monitor,Savannah,HabitatTerrestrial,social,solitary,no,nile-monitor
african-wild-dog,nyala,Savannah,HabitatTerrestrial,social,solitary,no,nyala
african-wild-dog,wild-boar,Savannah,HabitatTerrestrial,social,solitary,no,wild-boar
amazonian-giant-centipede,boa-constrictor,Rainforest,Exhibit,solitary,solitary,no,amazonian-giant-centipede
amazonian-giant-centipede,common-bluetongue,Rainforest,Exhibit,solitary,solitary,no,amazonian-giant-centipede
amazonian-giant-centipede,giant-forest-scorpion,Rainforest,Exhibit,solitary,solitary,no,amazonian-giant-centipede
amazonian-giant-centipede,giant-malaysian-leaf-insect,Rainforest,Exhibit,solitary,solitary,no,amazonian-giant-centipede
amazonian-giant-centipede,giant-tiger-land-snail,Rainforest,Exhibit,solitary,social,no,amazonian-giant-centipede
amazonian-giant-centipede,golden-poison-frog,Rainforest,Exhibit,solitary,social,no,amazonian-giant-centipede
amazonian-giant-centipede,goliath-beetle,Rainforest,Exhibit,solitary,solitary,no,amazonian-giant-centipede
amazonian-giant-centipede,lehmann-s-poison-frog,Rainforest,Exhibit,solitary,solitary,no,amazonian-giant-centipede
amazonian-giant-centipede,menelaus-blue-morpho,Rainforest,Exhibit,solitary,solitary,no,amazonian-giant-centipede
amazonian-giant-centipede,mexican-redknee,Rainforest,Exhibit,solitary,solitary,no,amazonian-giant-centipede
amazonian-giant-centipede,monarch,Rainforest,Exhibit,solitary,solitary,no,amazonian-giant-centipede
amazonian-giant-centipede,red-eyed-tree-frog,Rainforest,Exhibit,solitary,solitary,no,amazonian-giant-centipede
amazonian-giant-centipede,sri-lankan-rose,Rainforest,Exhibit,solitary,solitary,no,amazonian-giant-centipede
american-bullfrog,axolotl,LakesAndRivers,Exhibit,unknown,solitary,no,axolotl
american-bullfrog,fire-salamander,Wetlands,Exhibit,unknown,solitary,no,fire-salamander
american-bullfrog,giant-slippery-frog,LakesAndRivers,Exhibit,unknown,solitary,no,giant-slippery-frog
american-bullfrog,yellow-anaconda,Wetlands,Exhibit,unknown,solitary,no,yellow-anaconda
asian-elephant,common-hippopotamus,Savannah;Wetlands,HabitatTerrestrial,mixed,solitary,no,common-hippopotamus
asian-elephant,galápagos-giant-tortoise,Rainforest,HabitatTerrestrial,mixed,solitary,no,galápagos-giant-tortoise
asian-elephant,goodfellow-s-tree-kangaroo,Rainforest,HabitatTerrestrial,mixed,solitary,no,goodfellow-s-tree-kangaroo
asian-elephant,grizzly-bear,Wetlands,HabitatTerrestrial,mixed,solitary,no,grizzly-bear
asian-elephant,komodo-dragon,Rainforest;Wetlands,HabitatTerrestrial,mixed,solitary,no,komodo-dragon
asian-elephant,malayan-tapir,Rainforest;Wetlands,HabitatTerrestrial,mixed,solitary,no,malayan-tapir
asian-elephant,nile-monitor,Savannah;Wetlands,HabitatTerrestrial,mixed,solitary,no,nile-monitor
asian-elephant,north-sulawesi-babirusa,Rainforest,HabitatTerrestrial,mixed,solitary,no,north-sulawesi-babirusa
asian-elephant,nyala,Savannah,HabitatTerrestrial,mixed,solitary,no,nyala
asian-elephant,saltwater-crocodile,Rainforest,HabitatTerrestrial,mixed,solitary,no,saltwater-crocodile
asian-elephant,sumatran-tiger,Rainforest;Wetlands,HabitatTerrestrial,mixed,solitary,no,sumatran-tiger
asian-elephant,sun-bear,Rainforest;Wetlands,HabitatTerrestrial,mixed,solitary,no,sun-bear
asian-elephant,sunda-pangolin,Rainforest,HabitatTerrestrial,mixed,solitary,no,sunda-pangolin
asian-elephant,wild-boar,Rainforest;Savannah;Wetlands,HabitatTerrestrial,mixed,solitary,no,wild-boar
axolotl,blunthead-cichlid,LakesAndRivers,Exhibit,solitary,social,no,axolotl
axolotl,boeseman-s-rainbowfish,LakesAndRivers,Exhibit,solitary,social,no,axolotl
axolotl,brown-trout,LakesAndRivers,Exhibit,solitary,mixed,no,axolotl
axolotl,clown-loach,LakesAndRivers,Exhibit,solitary,unknown,no,axolotl
axolotl,common-rudd,LakesAndRivers,Exhibit,solitary,social,no,axolotl
axolotl,danube-crested-newt,LakesAndRivers,Exhibit,solitary,social,no,axolotl
axolotl,giant-gourami,LakesAndRivers,Exhibit,solitary,social,no,axolotl
axolotl,giant-slippery-frog,LakesAndRivers,Exhibit,solitary,solitary,no,axolotl
bactrian-camel,common-hippopotamus,Savannah,HabitatTerrestrial,social,solitary,no,common-hippopotamus
bactrian-camel,eurasian-lynx,Temperate,HabitatTerrestrial,social,solitary,no,eurasian-lynx
bactrian-camel,giant-panda,Temperate,HabitatTerrestrial,social,solitary,no,giant-panda
bactrian-camel,grizzly-bear,Temperate,HabitatTerrestrial,social,solitary,no,grizzly-bear
bactrian-camel,mountain-hare,Temperate,HabitatTerrestrial,social,solitary,no,mountain-hare
bactrian-camel,nile-monitor,Savannah,HabitatTerrestrial,social,solitary,no,nile-monitor
bactrian-camel,nyala,Savannah,HabitatTerrestrial,social,solitary,no,nyala
bactrian-camel,red-panda,Temperate,HabitatTerrestrial,social,solitary,no,red-panda
bactrian-camel,wild-boar,Savannah;Temperate,HabitatTerrestrial,social,solitary,no,wild-boar
black-wildebeest,common-hippopotamus,Savannah,HabitatTerrestrial,social,solitary,no,common-hippopotamus
black-wildebeest,nile-monitor,Savannah,HabitatTerrestrial,social,solitary,no,nile-monitor
black-wildebeest,nyala,Savannah,HabitatTerrestrial,social,solitary,no,nyala
black-wildebeest,wild-boar,Savannah,HabitatTerrestrial,social,solitary,no,wild-boar
blackspotted-puffer,blacktip-reef-shark,Reef,HabitatAquarium,solitary,social,no,blackspotted-puffer
blackspotted-puffer,blue-and-gold-fusilier,Reef,HabitatAquarium,solitary,social,no,blackspotted-puffer
blackspotted-puffer,bluespine-unicornfish,Reef,HabitatAquarium,solitary,unknown,no,blackspotted-puffer
blackspotted-puffer,clown-anemonefish,Reef,HabitatAquarium,solitary,social,no,blackspotted-puffer
blackspotted-puffer,clown-triggerfish,Reef,HabitatAquarium,solitary,mixed,no,blackspotted-puffer
blackspotted-puffer,giant-grouper,Reef,HabitatAquarium,solitary,solitary,no,blackspotted-puffer
blackspotted-puffer,golden-trevally,Reef,HabitatAquarium,solitary,mixed,no,blackspotted-puffer
blackspotted-puffer,great-hammerhead,Reef,HabitatAquarium,solitary,solitary,no,blackspotted-puffer
blackspotted-puffer,hawksbill-turtle,Reef,HabitatAquarium,solitary,solitary,no,blackspotted-puffer
blackspotted-puffer,humphead-wrasse,Reef,HabitatAquarium,solitary,mixed,no,blackspotted-puffer
blackspotted-puffer,indian-ocean-oriental-sweetlips,Reef,HabitatAquarium,solitary,social,no,blackspotted-puffer
blackspotted-puffer,indo-pacific-leopard-shark,Reef,HabitatAquarium,solitary,solitary,no,blackspotted-puffer
blackspotted-puffer,indo-pacific-sergeant,Reef,HabitatAquarium,solitary,unknown,no,blackspotted-puffer
blackspotted-puffer,longfin-batfish,Reef,HabitatAquarium,solitary,social,no,blackspotted-puffer
blackspotted-puffer,ocellated-eagle-ray,Reef,HabitatAquarium,solitary,mixed,no,blackspotted-puffer
blackspotted-puffer,palette-surgeonfish,Reef,HabitatAquarium,solitary,unknown,no,blackspotted-puffer
blackspotted-puffer,red-lionfish,Reef,HabitatAquarium,solitary,solitary,no,blackspotted-puffer
blackspotted-puffer,sailfin-snapper,Reef,HabitatAquarium,solitary,mixed,no,blackspotted-puffer
blackspotted-puffer,schooling-bannerfish,Reef,HabitatAquarium,solitary,social,no,blackspotted-puffer
blackspotted-puffer,threespot-damselfish,Reef,HabitatAquarium,solitary,mixed,no,blackspotted-puffer
blackspotted-puffer,yellow-tang,Reef,HabitatAquarium,solitary,social,no,blackspotted-puffer
blacktip-reef-shark,giant-grouper,Estuarine;Mangrove;Reef,HabitatAquarium,social,solitary,no,giant-grouper
blacktip-reef-shark,great-hammerhead,Reef,HabitatAquarium,social,solitary,no,great-hammerhead
blacktip-reef-shark,hawksbill-turtle,Estuarine;Mangrove;Reef,HabitatAquarium,social,solitary,no,hawksbill-turtle
blacktip-reef-shark,indo-pacific-leopard-shark,Estuarine;Mangrove;Reef,HabitatAquarium,social,solitary,no,indo-pacific-leopard-shark
blacktip-reef-shark,red-lionfish,Estuarine;Reef,HabitatAquarium,social,solitary,no,red-lionfish
blue-wildebeest,common-hippopotamus,Savannah,HabitatTerrestrial,social,solitary,no,common-hippopotamus
blue-wildebeest,nile-monitor,Savannah,HabitatTerrestrial,social,solitary,no,nile-monitor
blue-wildebeest,nyala,Savannah,HabitatTerrestrial,social,solitary,no,nyala
blue-wildebeest,wild-boar,Savannah,HabitatTerrestrial,social,solitary,no,wild-boar
blue-and-gold-fusilier,giant-grouper,Reef,HabitatAquarium,social,solitary,no,giant-grouper
blue-and-gold-fusilier,great-hammerhead,Reef,HabitatAquarium,social,solitary,no,great-hammerhead
blue-and-gold-fusilier,hawksbill-turtle,Reef,HabitatAquarium,social,solitary,no,hawksbill-turtle
blue-and-gold-fusilier,indo-pacific-leopard-shark,Reef,HabitatAquarium,social,solitary,no,indo-pacific-leopard-shark
blue-and-gold-fusilier,red-lionfish,Reef,HabitatAquarium,social,solitary,no,red-lionfish
bluespine-unicornfish,giant-grouper,Reef,HabitatAquarium,unknown,solitary,no,giant-grouper
bluespine-unicornfish,great-hammerhead,Reef,HabitatAquarium,unknown,solitary,no,great-hammerhead
bluespine-unicornfish,hawksbill-turtle,Reef,HabitatAquarium,unknown,solitary,no,hawksbill-turtle
bluespine-unicornfish,indo-pacific-leopard-shark,Reef,HabitatAquarium,unknown,solitary,no,indo-pacific-leopard-shark
bluespine-unicornfish,red-lionfish,Reef,HabitatAquarium,unknown,solitary,no,red-lionfish
blunthead-cichlid,giant-slippery-frog,LakesAndRivers,Exhibit,social,solitary,no,giant-slippery-frog
boa-constrictor,cloudless-sulphur,Savannah,Exhibit,solitary,mixed,no,boa-constrictor
boa-constrictor,common-bluetongue,Rainforest;Savannah,Exhibit,solitary,solitary,no,boa-constrictor
boa-constrictor,eastern-brown-snake,Savannah,Exhibit,solitary,solitary,no,boa-constrictor
boa-constrictor,european-peacock,Savannah,Exhibit,solitary,solitary,no,boa-constrictor
boa-constrictor,giant-forest-scorpion,Rainforest,Exhibit,solitary,solitary,no,boa-constrictor
boa-constrictor,giant-malaysian-leaf-insect,Rainforest,Exhibit,solitary,solitary,no,boa-constrictor
boa-constrictor,giant-tiger-land-snail,Rainforest;Savannah,Exhibit,solitary,social,no,boa-constrictor
boa-constrictor,golden-poison-frog,Rainforest,Exhibit,solitary,social,no,boa-constrictor
boa-constrictor,goliath-beetle,Rainforest;Savannah,Exhibit,solitary,solitary,no,boa-constrictor
boa-constrictor,lehmann-s-poison-frog,Rainforest,Exhibit,solitary,solitary,no,boa-constrictor
boa-constrictor,menelaus-blue-morpho,Rainforest;Savannah,Exhibit,solitary,solitary,no,boa-constrictor
boa-constrictor,mexican-redknee,Rainforest,Exhibit,solitary,solitary,no,boa-constrictor
boa-constrictor,monarch,Rainforest;Savannah,Exhibit,solitary,solitary,no,boa-constrictor
boa-constrictor,old-world-swallowtail,Savannah,Exhibit,solitary,social,no,boa-constrictor
boa-constrictor,red-eyed-tree-frog,Rainforest,Exhibit,solitary,solitary,no,boa-constrictor
boa-constrictor,sri-lankan-rose,Rainforest,Exhibit,solitary,solitary,no,boa-constrictor
boa-constrictor,western-diamondback-rattlesnake,Savannah,Exhibit,solitary,solitary,no,boa-constrictor
boa-constrictor,yellow-anaconda,Savannah,Exhibit,solitary,solitary,no,boa-constrictor
boeseman-s-rainbowfish,giant-slippery-frog,LakesAndRivers,Exhibit,social,solitary,no,giant-slippery-frog
brown-trout,giant-slippery-frog,LakesAndRivers,Exhibit,mixed,solitary,no,giant-slippery-frog
cape-buffalo,common-hippopotamus,Savannah;Wetlands,HabitatTerrestrial,mixed,solitary,no,common-hippopotamus
cape-buffalo,grizzly-bear,Wetlands,HabitatTerrestrial,mixed,solitary,no,grizzly-bear
cape-buffalo,komodo-dragon,Wetlands,HabitatTerrestrial,mixed,solitary,no,komodo-dragon
cape-buffalo,malayan-tapir,Wetlands,HabitatTerrestrial,mixed,solitary,no,malayan-tapir
cape-buffalo,nile-monitor,Savannah;Wetlands,HabitatTerrestrial,mixed,solitary,no,nile-monitor
cape-buffalo,nyala,Savannah,HabitatTerrestrial,mixed,solitary,no,nyala
cape-buffalo,sumatran-tiger,Wetlands,HabitatTerrestrial,mixed,solitary,no,sumatran-tiger
cape-buffalo,sun-bear,Wetlands,HabitatTerrestrial,mixed,solitary,no,sun-bear
cape-buffalo,wild-boar,Savannah;Wetlands,HabitatTerrestrial,mixed,solitary,no,wild-boar
cloudless-sulphur,common-bluetongue,Savannah;Temperate,Exhibit,mixed,solitary,no,common-bluetongue
cloudless-sulphur,eastern-brown-snake,Savannah;Temperate,Exhibit,mixed,solitary,no,eastern-brown-snake
cloudless-sulphur,european-peacock,Savannah;Temperate,Exhibit,mixed,solitary,no,european-peacock
cloudless-sulphur,fire-salamander,Temperate,Exhibit,mixed,solitary,no,fire-salamander
cloudless-sulphur,goliath-beetle,Savannah,Exhibit,mixed,solitary,no,goliath-beetle
cloudless-sulphur,menelaus-blue-morpho,Savannah,Exhibit,mixed,solitary,no,menelaus-blue-morpho
cloudless-sulphur,mexican-redknee,Temperate,Exhibit,mixed,solitary,no,mexican-redknee
cloudless-sulphur,monarch,Savannah;Temperate,Exhibit,mixed,solitary,no,monarch
cloudless-sulphur,western-diamondback-rattlesnake,Savannah;Temperate,Exhibit,mixed,solitary,no,western-diamondback-rattlesnake
cloudless-sulphur,yellow-anaconda,Savannah,Exhibit,mixed,solitary,no,yellow-anaconda
clown-anemonefish,giant-grouper,Reef,HabitatAquarium,social,solitary,no,giant-grouper
clown-anemonefish,great-hammerhead,Reef,HabitatAquarium,social,solitary,no,great-hammerhead
clown-anemonefish,hawksbill-turtle,Reef,HabitatAquarium,social,solitary,no,hawksbill-turtle
clown-anemonefish,indo-pacific-leopard-shark,Reef,HabitatAquarium,social,solitary,no,indo-pacific-leopard-shark
clown-anemonefish,red-lionfish,Reef,HabitatAquarium,social,solitary,no,red-lionfish
clown-loach,giant-slippery-frog,LakesAndRivers,Exhibit,unknown,solitary,no,giant-slippery-frog
clown-triggerfish,giant-grouper,Reef,HabitatAquarium,mixed,solitary,no,giant-grouper
clown-triggerfish,great-hammerhead,Reef,HabitatAquarium,mixed,solitary,no,great-hammerhead
clown-triggerfish,hawksbill-turtle,Reef,HabitatAquarium,mixed,solitary,no,hawksbill-turtle
clown-triggerfish,indo-pacific-leopard-shark,Reef,HabitatAquarium,mixed,solitary,no,indo-pacific-leopard-shark
clown-triggerfish,red-lionfish,Reef,HabitatAquarium,mixed,solitary,no,red-lionfish
common-bluetongue,eastern-brown-snake,Savannah;Temperate,Exhibit,solitary,solitary,no,common-bluetongue
common-bluetongue,european-peacock,Savannah;Temperate,Exhibit,solitary,solitary,no,common-bluetongue
common-bluetongue,fire-salamander,Temperate,Exhibit,solitary,solitary,no,common-bluetongue
common-bluetongue,giant-forest-scorpion,Rainforest,Exhibit,solitary,solitary,no,common-bluetongue
common-bluetongue,giant-malaysian-leaf-insect,Rainforest,Exhibit,solitary,solitary,no,common-bluetongue
common-bluetongue,giant-tiger-land-snail,Rainforest;Savannah,Exhibit,solitary,social,no,common-bluetongue
common-bluetongue,golden-poison-frog,Rainforest,Exhibit,solitary,social,no,common-bluetongue
common-bluetongue,goliath-beetle,Rainforest;Savannah,Exhibit,solitary,solitary,no,common-bluetongue
common-bluetongue,lehmann-s-poison-frog,Rainforest,Exhibit,solitary,solitary,no,common-bluetongue
common-bluetongue,menelaus-blue-morpho,Rainforest;Savannah,Exhibit,solitary,solitary,no,common-bluetongue
common-bluetongue,mexican-redknee,Rainforest;Temperate,Exhibit,solitary,solitary,no,common-bluetongue
common-bluetongue,monarch,Rainforest;Savannah;Temperate,Exhibit,solitary,solitary,no,common-bluetongue
common-bluetongue,old-world-swallowtail,Savannah;Temperate,Exhibit,solitary,social,no,common-bluetongue
common-bluetongue,red-eyed-tree-frog,Rainforest,Exhibit,solitary,solitary,no,common-bluetongue
common-bluetongue,sri-lankan-rose,Rainforest,Exhibit,solitary,solitary,no,common-bluetongue
common-bluetongue,western-diamondback-rattlesnake,Savannah;Temperate,Exhibit,solitary,solitary,no,common-bluetongue
common-bluetongue,yellow-anaconda,Savannah,Exhibit,solitary,solitary,no,common-bluetongue
common-hippopotamus,common-ostrich,Savannah,HabitatTerrestrial,solitary,social,no,common-hippopotamus
common-hippopotamus,common-warthog,Savannah,HabitatTerrestrial,solitary,mixed,no,common-hippopotamus
common-hippopotamus,eurasian-beaver,LakesAndRivers,HabitatTerrestrial,solitary,unknown,no,common-hippopotamus
common-hippopotamus,gemsbok,Savannah,HabitatTerrestrial,solitary,social,no,common-hippopotamus
common-hippopotamus,gharial,LakesAndRivers;Wetlands,HabitatTerrestrial,solitary,social,no,common-hippopotamus
common-hippopotamus,grey-wolf,Savannah,HabitatTerrestrial,solitary,social,no,common-hippopotamus
common-hippopotamus,grizzly-bear,Wetlands,HabitatTerrestrial,solitary,solitary,no,common-hippopotamus
common-hippopotamus,komodo-dragon,Wetlands,HabitatTerrestrial,solitary,solitary,no,common-hippopotamus
common-hippopotamus,lion,Savannah,HabitatTerrestrial,solitary,social,no,common-hippopotamus
common-hippopotamus,malayan-tapir,Wetlands,HabitatTerrestrial,solitary,solitary,no,common-hippopotamus
common-hippopotamus,masai-giraffe,Savannah,HabitatTerrestrial,solitary,mixed,no,common-hippopotamus
common-hippopotamus,meerkat,Savannah,HabitatTerrestrial,solitary,social,no,common-hippopotamus
common-hippopotamus,nile-monitor,Savannah;Wetlands,HabitatTerrestrial,solitary,solitary,no,common-hippopotamus
common-hippopotamus,nyala,Savannah,HabitatTerrestrial,solitary,solitary,no,common-hippopotamus
common-hippopotamus,plains-zebra,Savannah,HabitatTerrestrial,solitary,social,no,common-hippopotamus
common-hippopotamus,przewalski-s-horse,Savannah,HabitatTerrestrial,solitary,unknown,no,common-hippopotamus
common-hippopotamus,reticulated-giraffe,Savannah,HabitatTerrestrial,solitary,mixed,no,common-hippopotamus
common-hippopotamus,sable-antelope,Savannah,HabitatTerrestrial,solitary,social,no,common-hippopotamus
common-hippopotamus,spotted-hyena,Savannah,HabitatTerrestrial,solitary,social,no,common-hippopotamus
common-hippopotamus,springbok,Savannah,HabitatTerrestrial,solitary,mixed,no,common-hippopotamus
common-hippopotamus,sumatran-tiger,Wetlands,HabitatTerrestrial,solitary,solitary,no,common-hippopotamus
common-hippopotamus,sun-bear,Wetlands,HabitatTerrestrial,solitary,solitary,no,common-hippopotamus
common-hippopotamus,thomson-s-gazelle,Savannah,HabitatTerrestrial,solitary,mixed,no,common-hippopotamus
common-hippopotamus,western-lowland-gorilla,Wetlands,HabitatTerrestrial,solitary,mixed,no,common-hippopotamus
common-hippopotamus,wild-boar,Savannah;Wetlands,HabitatTerrestrial,solitary,solitary,no,common-hippopotamus
common-ostrich,nile-monitor,Savannah,HabitatTerrestrial,social,solitary,no,nile-monitor
common-ostrich,nyala,Savannah,HabitatTerrestrial,social,solitary,no,nyala
common-ostrich,wild-boar,Savannah,HabitatTerrestrial,social,solitary,no,wild-boar
common-rudd,giant-slippery-frog,LakesAndRivers,Exhibit,social,solitary,no,giant-slippery-frog
common-warthog,nile-monitor,Savannah,HabitatTerrestrial,mixed,solitary,no,nile-monitor
common-warthog,nyala,Savannah,HabitatTerrestrial,mixed,solitary,no,nyala
common-warthog,wild-boar,Savannah,HabitatTerrestrial,mixed,solitary,no,wild-boar
danube-crested-newt,fire-salamander,Wetlands,Exhibit,social,solitary,no,fire-salamander
danube-crested-newt,giant-slippery-frog,LakesAndRivers,Exhibit,social,solitary,no,giant-slippery-frog
danube-crested-newt,yellow-anaconda,Wetlands,Exhibit,social,solitary,no,yellow-anaconda
desert-horned-viper,eastern-brown-snake,Desert,Exhibit,solitary,solitary,no,desert-horned-viper
desert-horned-viper,gila-monster,Desert,Exhibit,solitary,solitary,no,desert-horned-viper
desert-horned-viper,mexican-redknee,Desert,Exhibit,solitary,solitary,no,desert-horned-viper
desert-horned-viper,sacred-scarab-beetle,Desert,Exhibit,solitary,solitary,no,desert-horned-viper
desert-horned-viper,western-diamondback-rattlesnake,Desert,Exhibit,solitary,solitary,no,desert-horned-viper
diamondback-terrapin,fire-salamander,Wetlands,Exhibit,social,solitary,no,fire-salamander
diamondback-terrapin,yellow-anaconda,Wetlands,Exhibit,social,solitary,no,yellow-anaconda
dolphinfish,great-hammerhead,OpenSea,HabitatAquarium,social,solitary,no,great-hammerhead
dolphinfish,hawksbill-turtle,OpenSea,HabitatAquarium,social,solitary,no,hawksbill-turtle
dolphinfish,indo-pacific-leopard-shark,OpenSea,HabitatAquarium,social,solitary,no,indo-pacific-leopard-shark
dolphinfish,ocean-sunfish,OpenSea,HabitatAquarium,social,solitary,no,ocean-sunfish
eastern-brown-snake,european-peacock,Savannah;Temperate,Exhibit,solitary,solitary,no,eastern-brown-snake
eastern-brown-snake,fire-salamander,Temperate,Exhibit,solitary,solitary,no,eastern-brown-snake
eastern-brown-snake,giant-tiger-land-snail,Savannah,Exhibit,solitary,social,no,eastern-brown-snake
eastern-brown-snake,gila-monster,Desert,Exhibit,solitary,solitary,no,eastern-brown-snake
eastern-brown-snake,goliath-beetle,Savannah,Exhibit,solitary,solitary,no,eastern-brown-snake
eastern-brown-snake,menelaus-blue-morpho,Savannah,Exhibit,solitary,solitary,no,eastern-brown-snake
eastern-brown-snake,mexican-redknee,Desert;Temperate,Exhibit,solitary,solitary,no,eastern-brown-snake
eastern-brown-snake,monarch,Savannah;Temperate,Exhibit,solitary,solitary,no,eastern-brown-snake
eastern-brown-snake,old-world-swallowtail,Savannah;Temperate,Exhibit,solitary,social,no,eastern-brown-snake
eastern-brown-snake,sacred-scarab-beetle,Desert,Exhibit,solitary,solitary,no,eastern-brown-snake
eastern-brown-snake,western-diamondback-rattlesnake,Desert;Savannah;Temperate,Exhibit,solitary,solitary,no,eastern-brown-snake
eastern-brown-snake,yellow-anaconda,Savannah,Exhibit,solitary,solitary,no,eastern-brown-snake
eurasian-beaver,eurasian-lynx,Taiga;Temperate,HabitatTerrestrial,unknown,solitary,no,eurasian-lynx
eurasian-beaver,giant-panda,Temperate,HabitatTerrestrial,unknown,solitary,no,giant-panda
eurasian-beaver,grizzly-bear,Taiga;Temperate,HabitatTerrestrial,unknown,solitary,no,grizzly-bear
eurasian-beaver,mountain-hare,Taiga;Temperate,HabitatTerrestrial,unknown,solitary,no,mountain-hare
eurasian-beaver,red-panda,Taiga;Temperate,HabitatTerrestrial,unknown,solitary,no,red-panda
eurasian-beaver,snow-leopard,Taiga,HabitatTerrestrial,unknown,solitary,no,snow-leopard
eurasian-beaver,wild-boar,Temperate,HabitatTerrestrial,unknown,solitary,no,wild-boar
eurasian-bittern,golden-eagle,Temperate,HabitatFlying,solitary,solitary,no,eurasian-bittern
eurasian-bittern,greater-flamingo,Temperate;Wetlands,HabitatFlying,solitary,social,no,eurasian-bittern
eurasian-bittern,long-eared-owl,Temperate;Wetlands,HabitatFlying,solitary,solitary,no,eurasian-bittern
eurasian-bittern,shoebill,Wetlands,HabitatFlying,solitary,solitary,no,eurasian-bittern
eurasian-bittern,toco-toucan,Wetlands,HabitatFlying,solitary,unknown,no,eurasian-bittern
eurasian-bittern,white-tailed-sea-eagle,Temperate;Wetlands,HabitatFlying,solitary,unknown,no,eurasian-bittern
eurasian-brown-bear,eurasian-lynx,Taiga;Temperate;Tundra,HabitatTerrestrial,mixed,solitary,no,eurasian-lynx
eurasian-brown-bear,giant-panda,Temperate,HabitatTerrestrial,mixed,solitary,no,giant-panda
eurasian-brown-bear,grizzly-bear,Taiga;Temperate;Tundra,HabitatTerrestrial,mixed,solitary,no,grizzly-bear
eurasian-brown-bear,mountain-hare,Taiga;Temperate;Tundra,HabitatTerrestrial,mixed,solitary,no,mountain-hare
eurasian-brown-bear,red-panda,Taiga;Temperate,HabitatTerrestrial,mixed,solitary,no,red-panda
eurasian-brown-bear,snow-leopard,Taiga;Tundra,HabitatTerrestrial,mixed,solitary,no,snow-leopard
eurasian-brown-bear,wild-boar,Temperate,HabitatTerrestrial,mixed,solitary,no,wild-boar
eurasian-lynx,european-bison,Taiga;Temperate,HabitatTerrestrial,solitary,mixed,no,eurasian-lynx
eurasian-lynx,giant-panda,Temperate,HabitatTerrestrial,solitary,solitary,no,eurasian-lynx
eurasian-lynx,grey-wolf,Taiga;Temperate;Tundra,HabitatTerrestrial,solitary,social,no,eurasian-lynx
eurasian-lynx,grizzly-bear,Taiga;Temperate;Tundra,HabitatTerrestrial,solitary,solitary,no,eurasian-lynx
eurasian-lynx,mountain-hare,Taiga;Temperate;Tundra,HabitatTerrestrial,solitary,solitary,no,eurasian-lynx
eurasian-lynx,red-deer,Temperate,HabitatTerrestrial,solitary,mixed,no,eurasian-lynx
eurasian-lynx,red-panda,Taiga;Temperate,HabitatTerrestrial,solitary,solitary,no,eurasian-lynx
eurasian-lynx,snow-leopard,Taiga;Tundra,HabitatTerrestrial,solitary,solitary,no,eurasian-lynx
eurasian-lynx,wild-boar,Temperate,HabitatTerrestrial,solitary,solitary,no,eurasian-lynx
european-bison,giant-panda,Temperate,HabitatTerrestrial,mixed,solitary,no,giant-panda
european-bison,grizzly-bear,Taiga;Temperate,HabitatTerrestrial,mixed,solitary,no,grizzly-bear
european-bison,mountain-hare,Taiga;Temperate,HabitatTerrestrial,mixed,solitary,no,mountain-hare
european-bison,red-panda,Taiga;Temperate,HabitatTerrestrial,mixed,solitary,no,red-panda
european-bison,snow-leopard,Taiga,HabitatTerrestrial,mixed,solitary,no,snow-leopard
european-bison,wild-boar,Temperate,HabitatTerrestrial,mixed,solitary,no,wild-boar
european-peacock,fire-salamander,Temperate,Exhibit,solitary,solitary,no,european-peacock
european-peacock,giant-tiger-land-snail,Savannah,Exhibit,solitary,social,no,european-peacock
european-peacock,goliath-beetle,Savannah,Exhibit,solitary,solitary,no,european-peacock
european-peacock,menelaus-blue-morpho,Savannah,Exhibit,solitary,solitary,no,european-peacock
european-peacock,mexican-redknee,Temperate,Exhibit,solitary,solitary,no,european-peacock
european-peacock,monarch,Savannah;Temperate,Exhibit,solitary,solitary,no,european-peacock
european-peacock,old-world-swallowtail,Savannah;Temperate,Exhibit,solitary,social,no,european-peacock
european-peacock,western-diamondback-rattlesnake,Savannah;Temperate,Exhibit,solitary,solitary,no,european-peacock
european-peacock,yellow-anaconda,Savannah,Exhibit,solitary,solitary,no,european-peacock
fire-salamander,mexican-redknee,Temperate,Exhibit,solitary,solitary,no,fire-salamander
fire-salamander,monarch,Temperate,Exhibit,solitary,solitary,no,fire-salamander
fire-salamander,old-world-swallowtail,Temperate,Exhibit,solitary,social,no,fire-salamander
fire-salamander,western-diamondback-rattlesnake,Temperate,Exhibit,solitary,solitary,no,fire-salamander
fire-salamander,yellow-anaconda,Wetlands,Exhibit,solitary,solitary,no,fire-salamander
galápagos-giant-tortoise,gharial,Rainforest,HabitatTerrestrial,solitary,social,no,galápagos-giant-tortoise
galápagos-giant-tortoise,golden-lion-tamarin,Rainforest,HabitatTerrestrial,solitary,social,no,galápagos-giant-tortoise
galápagos-giant-tortoise,goodfellow-s-tree-kangaroo,Rainforest,HabitatTerrestrial,solitary,solitary,no,galápagos-giant-tortoise
galápagos-giant-tortoise,grey-wolf,Rainforest,HabitatTerrestrial,solitary,social,no,galápagos-giant-tortoise
galápagos-giant-tortoise,komodo-dragon,Rainforest,HabitatTerrestrial,solitary,solitary,no,galápagos-giant-tortoise
galápagos-giant-tortoise,malayan-tapir,Rainforest,HabitatTerrestrial,solitary,solitary,no,galápagos-giant-tortoise
galápagos-giant-tortoise,north-sulawesi-babirusa,Rainforest,HabitatTerrestrial,solitary,solitary,no,galápagos-giant-tortoise
galápagos-giant-tortoise,ring-tailed-lemur,Rainforest,HabitatTerrestrial,solitary,social,no,galápagos-giant-tortoise
galápagos-giant-tortoise,saltwater-crocodile,Rainforest,HabitatTerrestrial,solitary,solitary,no,galápagos-giant-tortoise
galápagos-giant-tortoise,siamang,Rainforest,HabitatTerrestrial,solitary,mixed,no,galápagos-giant-tortoise
galápagos-giant-tortoise,sumatran-orangutan,Rainforest,HabitatTerrestrial,solitary,mixed,no,galápagos-giant-tortoise
galápagos-giant-tortoise,sumatran-tiger,Rainforest,HabitatTerrestrial,solitary,solitary,no,galápagos-giant-tortoise
galápagos-giant-tortoise,sun-bear,Rainforest,HabitatTerrestrial,solitary,solitary,no,galápagos-giant-tortoise
galápagos-giant-tortoise,sunda-pangolin,Rainforest,HabitatTerrestrial,solitary,solitary,no,galápagos-giant-tortoise
galápagos-giant-tortoise,western-chimpanzee,Rainforest,HabitatTerrestrial,solitary,social,no,galápagos-giant-tortoise
galápagos-giant-tortoise,western-lowland-gorilla,Rainforest,HabitatTerrestrial,solitary,mixed,no,galápagos-giant-tortoise
galápagos-giant-tortoise,wild-boar,Rainforest,HabitatTerrestrial,solitary,solitary,no,galápagos-giant-tortoise
gemsbok,nile-monitor,Savannah,HabitatTerrestrial,social,solitary,no,nile-monitor
gemsbok,nyala,Savannah,HabitatTerrestrial,social,solitary,no,nyala
gemsbok,wild-boar,Savannah,HabitatTerrestrial,social,solitary,no,wild-boar
gharial,goodfellow-s-tree-kangaroo,Rainforest,HabitatTerrestrial,social,solitary,no,goodfellow-s-tree-kangaroo
gharial,grizzly-bear,Wetlands,HabitatTerrestrial,social,solitary,no,grizzly-bear
gharial,komodo-dragon,Rainforest;Wetlands,HabitatTerrestrial,social,solitary,no,komodo-dragon
gharial,malayan-tapir,Rainforest;Wetlands,HabitatTerrestrial,social,solitary,no,malayan-tapir
gharial,nile-monitor,Wetlands,HabitatTerrestrial,social,solitary,no,nile-monitor
gharial,north-sulawesi-babirusa,Rainforest,HabitatTerrestrial,social,solitary,no,north-sulawesi-babirusa
gharial,saltwater-crocodile,Rainforest,HabitatTerrestrial,social,solitary,no,saltwater-crocodile
gharial,sumatran-tiger,Rainforest;Wetlands,HabitatTerrestrial,social,solitary,no,sumatran-tiger
gharial,sun-bear,Rainforest;Wetlands,HabitatTerrestrial,social,solitary,no,sun-bear
gharial,sunda-pangolin,Rainforest,HabitatTerrestrial,social,solitary,no,sunda-pangolin
gharial,wild-boar,Rainforest;Wetlands,HabitatTerrestrial,social,solitary,no,wild-boar
giant-forest-scorpion,giant-malaysian-leaf-insect,Rainforest,Exhibit,solitary,solitary,no,giant-forest-scorpion
giant-forest-scorpion,giant-tiger-land-snail,Rainforest,Exhibit,solitary,social,no,giant-forest-scorpion
giant-forest-scorpion,golden-poison-frog,Rainforest,Exhibit,solitary,social,no,giant-forest-scorpion
giant-forest-scorpion,goliath-beetle,Rainforest,Exhibit,solitary,solitary,no,giant-forest-scorpion
giant-forest-scorpion,lehmann-s-poison-frog,Rainforest,Exhibit,solitary,solitary,no,giant-forest-scorpion
giant-forest-scorpion,menelaus-blue-morpho,Rainforest,Exhibit,solitary,solitary,no,giant-forest-scorpion
giant-forest-scorpion,mexican-redknee,Rainforest,Exhibit,solitary,solitary,no,giant-forest-scorpion
giant-forest-scorpion,monarch,Rainforest,Exhibit,solitary,solitary,no,giant-forest-scorpion
giant-forest-scorpion,red-eyed-tree-frog,Rainforest,Exhibit,solitary,solitary,no,giant-forest-scorpion
giant-forest-scorpion,sri-lankan-rose,Rainforest,Exhibit,solitary,solitary,no,giant-forest-scorpion
giant-gourami,giant-slippery-frog,LakesAndRivers,Exhibit,social,solitary,no,giant-slippery-frog
giant-grouper,golden-trevally,Estuarine;Reef,HabitatAquarium,solitary,mixed,no,giant-grouper
giant-grouper,great-hammerhead,Reef,HabitatAquarium,solitary,solitary,no,giant-grouper
giant-grouper,hawksbill-turtle,Estuarine;Mangrove;Reef,HabitatAquarium,solitary,solitary,no,giant-grouper
giant-grouper,humphead-wrasse,Reef,HabitatAquarium,solitary,mixed,no,giant-grouper
giant-grouper,indian-ocean-oriental-sweetlips,Estuarine;Reef,HabitatAquarium,solitary,social,no,giant-grouper
giant-grouper,indo-pacific-leopard-shark,Estuarine;Mangrove;Reef,HabitatAquarium,solitary,solitary,no,giant-grouper
giant-grouper,indo-pacific-sergeant,Reef,HabitatAquarium,solitary,unknown,no,giant-grouper
giant-grouper,longfin-batfish,Reef,HabitatAquarium,solitary,social,no,giant-grouper
giant-grouper,ocellated-eagle-ray,Estuarine;Reef,HabitatAquarium,solitary,mixed,no,giant-grouper
giant-grouper,palette-surgeonfish,Reef,HabitatAquarium,solitary,unknown,no,giant-grouper
giant-grouper,red-lionfish,Estuarine;Reef,HabitatAquarium,solitary,solitary,no,giant-grouper
giant-grouper,sailfin-snapper,Reef,HabitatAquarium,solitary,mixed,no,giant-grouper
giant-grouper,schooling-bannerfish,Reef,HabitatAquarium,solitary,social,no,giant-grouper
giant-grouper,threespot-damselfish,Mangrove;Reef,HabitatAquarium,solitary,mixed,no,giant-grouper
giant-grouper,west-indian-manatee,Estuarine;Mangrove,HabitatAquarium,solitary,mixed,no,giant-grouper
giant-grouper,yellow-tang,Reef,HabitatAquarium,solitary,social,no,giant-grouper
giant-malaysian-leaf-insect,giant-tiger-land-snail,Rainforest,Exhibit,solitary,social,no,giant-malaysian-leaf-insect
giant-malaysian-leaf-insect,golden-poison-frog,Rainforest,Exhibit,solitary,social,no,giant-malaysian-leaf-insect
giant-malaysian-leaf-insect,goliath-beetle,Rainforest,Exhibit,solitary,solitary,no,giant-malaysian-leaf-insect
giant-malaysian-leaf-insect,lehmann-s-poison-frog,Rainforest,Exhibit,solitary,solitary,no,giant-malaysian-leaf-insect
giant-malaysian-leaf-insect,menelaus-blue-morpho,Rainforest,Exhibit,solitary,solitary,no,giant-malaysian-leaf-insect
giant-malaysian-leaf-insect,mexican-redknee,Rainforest,Exhibit,solitary,solitary,no,giant-malaysian-leaf-insect
giant-malaysian-leaf-insect,monarch,Rainforest,Exhibit,solitary,solitary,no,giant-malaysian-leaf-insect
giant-malaysian-leaf-insect,red-eyed-tree-frog,Rainforest,Exhibit,solitary,solitary,no,giant-malaysian-leaf-insect
giant-malaysian-leaf-insect,sri-lankan-rose,Rainforest,Exhibit,solitary,solitary,no,giant-malaysian-leaf-insect
giant-panda,grey-wolf,Temperate,HabitatTerrestrial,solitary,social,no,giant-panda
giant-panda,grizzly-bear,Temperate,HabitatTerrestrial,solitary,solitary,no,giant-panda
giant-panda,mountain-hare,Temperate,HabitatTerrestrial,solitary,solitary,no,giant-panda
giant-panda,red-deer,Temperate,HabitatTerrestrial,solitary,mixed,no,giant-panda
giant-panda,red-panda,Temperate,HabitatTerrestrial,solitary,solitary,no,giant-panda
giant-panda,wild-boar,Temperate,HabitatTerrestrial,solitary,solitary,no,giant-panda
giant-tiger-land-snail,goliath-beetle,Rainforest;Savannah,Exhibit,social,solitary,no,goliath-beetle
giant-tiger-land-snail,lehmann-s-poison-frog,Rainforest,Exhibit,social,solitary,no,lehmann-s-poison-frog
giant-tiger-land-snail,menelaus-blue-morpho,Rainforest;Savannah,Exhibit,social,solitary,no,menelaus-blue-morpho
giant-tiger-land-snail,mexican-redknee,Rainforest,Exhibit,social,solitary,no,mexican-redknee
giant-tiger-land-snail,monarch,Rainforest;Savannah,Exhibit,social,solitary,no,monarch
giant-tiger-land-snail,red-eyed-tree-frog,Rainforest,Exhibit,social,solitary,no,red-eyed-tree-frog
giant-tiger-land-snail,sri-lankan-rose,Rainforest,Exhibit,social,solitary,no,sri-lankan-rose
giant-tiger-land-snail,western-diamondback-rattlesnake,Savannah,Exhibit,social,solitary,no,western-diamondback-rattlesnake
giant-tiger-land-snail,yellow-anaconda,Savannah,Exhibit,social,solitary,no,yellow-anaconda
gila-monster,mexican-redknee,Desert,Exhibit,solitary,solitary,no,gila-monster
gila-monster,sacred-scarab-beetle,Desert,Exhibit,solitary,solitary,no,gila-monster
gila-monster,western-diamondback-rattlesnake,Desert,Exhibit,solitary,solitary,no,gila-monster
golden-eagle,greater-flamingo,Temperate,HabitatFlying,solitary,social,no,golden-eagle
golden-eagle,long-eared-owl,Savannah;Taiga;Temperate,HabitatFlying,solitary,solitary,no,golden-eagle
golden-eagle,secretarybird,Savannah,HabitatFlying,solitary,unknown,no,golden-eagle
golden-eagle,toco-toucan,Savannah,HabitatFlying,solitary,unknown,no,golden-eagle
golden-eagle,white-backed-vulture,Desert;Savannah,HabitatFlying,solitary,social,no,golden-eagle
golden-eagle,white-tailed-sea-eagle,Taiga;Temperate;Tundra,HabitatFlying,solitary,unknown,no,golden-eagle
golden-lion-tamarin,goodfellow-s-tree-kangaroo,Rainforest,HabitatTerrestrial,social,solitary,no,goodfellow-s-tree-kangaroo
golden-lion-tamarin,komodo-dragon,Rainforest,HabitatTerrestrial,social,solitary,no,komodo-dragon
golden-lion-tamarin,malayan-tapir,Rainforest,HabitatTerrestrial,social,solitary,no,malayan-tapir
golden-lion-tamarin,north-sulawesi-babirusa,Rainforest,HabitatTerrestrial,social,solitary,no,north-sulawesi-babirusa
golden-lion-tamarin,saltwater-crocodile,Rainforest,HabitatTerrestrial,social,solitary,no,saltwater-crocodile
golden-lion-tamarin,sumatran-tiger,Rainforest,HabitatTerrestrial,social,solitary,no,sumatran-tiger
golden-lion-tamarin,sun-bear,Rainforest,HabitatTerrestrial,social,solitary,no,sun-bear
golden-lion-tamarin,sunda-pangolin,Rainforest,HabitatTerrestrial,social,solitary,no,sunda-pangolin
golden-lion-tamarin,wild-boar,Rainforest,HabitatTerrestrial,social,solitary,no,wild-boar
golden-poison-frog,goliath-beetle,Rainforest,Exhibit,social,solitary,no,goliath-beetle
golden-poison-frog,lehmann-s-poison-frog,Rainforest,Exhibit,social,solitary,no,lehmann-s-poison-frog
golden-poison-frog,menelaus-blue-morpho,Rainforest,Exhibit,social,solitary,no,menelaus-blue-morpho
golden-poison-frog,mexican-redknee,Rainforest,Exhibit,social,solitary,no,mexican-redknee
golden-poison-frog,monarch,Rainforest,Exhibit,social,solitary,no,monarch
golden-poison-frog,red-eyed-tree-frog,Rainforest,Exhibit,social,solitary,no,red-eyed-tree-frog
golden-poison-frog,sri-lankan-rose,Rainforest,Exhibit,social,solitary,no,sri-lankan-rose
golden-trevally,great-hammerhead,Reef,HabitatAquarium,mixed,solitary,no,great-hammerhead
golden-trevally,hawksbill-turtle,Estuarine;Reef,HabitatAquarium,mixed,solitary,no,hawksbill-turtle
golden-trevally,indo-pacific-leopard-shark,Estuarine;Reef,HabitatAquarium,mixed,solitary,no,indo-pacific-leopard-shark
golden-trevally,red-lionfish,Estuarine;Reef,HabitatAquarium,mixed,solitary,no,red-lionfish
goliath-beetle,lehmann-s-poison-frog,Rainforest,Exhibit,solitary,solitary,no,goliath-beetle
goliath-beetle,menelaus-blue-morpho,Rainforest;Savannah,Exhibit,solitary,solitary,no,goliath-beetle
goliath-beetle,mexican-redknee,Rainforest,Exhibit,solitary,solitary,no,goliath-beetle
goliath-beetle,monarch,Rainforest;Savannah,Exhibit,solitary,solitary,no,goliath-beetle
goliath-beetle,old-world-swallowtail,Savannah,Exhibit,solitary,social,no,goliath-beetle
goliath-beetle,red-eyed-tree-frog,Rainforest,Exhibit,solitary,solitary,no,goliath-beetle
goliath-beetle,sri-lankan-rose,Rainforest,Exhibit,solitary,solitary,no,goliath-beetle
goliath-beetle,western-diamondback-rattlesnake,Savannah,Exhibit,solitary,solitary,no,goliath-beetle
goliath-beetle,yellow-anaconda,Savannah,Exhibit,solitary,solitary,no,goliath-beetle
goodfellow-s-tree-kangaroo,grey-wolf,Rainforest,HabitatTerrestrial,solitary,social,no,goodfellow-s-tree-kangaroo
goodfellow-s-tree-kangaroo,komodo-dragon,Rainforest,HabitatTerrestrial,solitary,solitary,no,goodfellow-s-tree-kangaroo
goodfellow-s-tree-kangaroo,malayan-tapir,Rainforest,HabitatTerrestrial,solitary,solitary,no,goodfellow-s-tree-kangaroo
goodfellow-s-tree-kangaroo,north-sulawesi-babirusa,Rainforest,HabitatTerrestrial,solitary,solitary,no,goodfellow-s-tree-kangaroo
goodfellow-s-tree-kangaroo,ring-tailed-lemur,Rainforest,HabitatTerrestrial,solitary,social,no,goodfellow-s-tree-kangaroo
goodfellow-s-tree-kangaroo,saltwater-crocodile,Rainforest,HabitatTerrestrial,solitary,solitary,no,goodfellow-s-tree-kangaroo
goodfellow-s-tree-kangaroo,siamang,Rainforest,HabitatTerrestrial,solitary,mixed,no,goodfellow-s-tree-kangaroo
goodfellow-s-tree-kangaroo,sumatran-orangutan,Rainforest,HabitatTerrestrial,solitary,mixed,no,goodfellow-s-tree-kangaroo
goodfellow-s-tree-kangaroo,sumatran-tiger,Rainforest,HabitatTerrestrial,solitary,solitary,no,goodfellow-s-tree-kangaroo
goodfellow-s-tree-kangaroo,sun-bear,Rainforest,HabitatTerrestrial,solitary,solitary,no,goodfellow-s-tree-kangaroo
goodfellow-s-tree-kangaroo,sunda-pangolin,Rainforest,HabitatTerrestrial,solitary,solitary,no,goodfellow-s-tree-kangaroo
goodfellow-s-tree-kangaroo,western-chimpanzee,Rainforest,HabitatTerrestrial,solitary,social,no,goodfellow-s-tree-kangaroo
goodfellow-s-tree-kangaroo,western-lowland-gorilla,Rainforest,HabitatTerrestrial,solitary,mixed,no,goodfellow-s-tree-kangaroo
goodfellow-s-tree-kangaroo,wild-boar,Rainforest,HabitatTerrestrial,solitary,solitary,no,goodfellow-s-tree-kangaroo
great-hammerhead,hawksbill-turtle,OpenSea;Reef,HabitatAquarium,solitary,solitary,no,great-hammerhead
great-hammerhead,humphead-wrasse,OpenSea;Reef,HabitatAquarium,solitary,mixed,no,great-hammerhead
great-hammerhead,indian-ocean-oriental-sweetlips,Reef,HabitatAquarium,solitary,social,no,great-hammerhead
great-hammerhead,indo-pacific-leopard-shark,OpenSea;Reef,HabitatAquarium,solitary,solitary,no,great-hammerhead
great-hammerhead,indo-pacific-sergeant,OpenSea;Reef,HabitatAquarium,solitary,unknown,no,great-hammerhead
great-hammerhead,longfin-batfish,Reef,HabitatAquarium,solitary,social,no,great-hammerhead
great-hammerhead,ocean-sunfish,OpenSea,HabitatAquarium,solitary,solitary,no,great-hammerhead
great-hammerhead,ocellated-eagle-ray,OpenSea;Reef,HabitatAquarium,solitary,mixed,no,great-hammerhead
great-hammerhead,pacific-bluefin-tuna,OpenSea,HabitatAquarium,solitary,unknown,no,great-hammerhead
great-hammerhead,pacific-sardine,OpenSea,HabitatAquarium,solitary,social,no,great-hammerhead
great-hammerhead,palette-surgeonfish,Reef,HabitatAquarium,solitary,unknown,no,great-hammerhead
great-hammerhead,red-lionfish,Reef,HabitatAquarium,solitary,solitary,no,great-hammerhead
great-hammerhead,sailfin-snapper,Reef,HabitatAquarium,solitary,mixed,no,great-hammerhead
great-hammerhead,schooling-bannerfish,Reef,HabitatAquarium,solitary,social,no,great-hammerhead
great-hammerhead,threespot-damselfish,Reef,HabitatAquarium,solitary,mixed,no,great-hammerhead
great-hammerhead,west-indian-manatee,OpenSea,HabitatAquarium,solitary,mixed,no,great-hammerhead
great-hammerhead,yellow-tang,Reef,HabitatAquarium,solitary,social,no,great-hammerhead
greater-flamingo,long-eared-owl,Temperate;Wetlands,HabitatFlying,social,solitary,no,long-eared-owl
greater-flamingo,shoebill,Wetlands,HabitatFlying,social,solitary,no,shoebill
grey-wolf,grizzly-bear,Taiga;Temperate;Tundra,HabitatTerrestrial,social,solitary,no,grizzly-bear
grey-wolf,komodo-dragon,Rainforest,HabitatTerrestrial,social,solitary,no,komodo-dragon
grey-wolf,malayan-tapir,Rainforest,HabitatTerrestrial,social,solitary,no,malayan-tapir
grey-wolf,mountain-hare,Taiga;Temperate;Tundra,HabitatTerrestrial,social,solitary,no,mountain-hare
grey-wolf,nile-monitor,Savannah,HabitatTerrestrial,social,solitary,no,nile-monitor
grey-wolf,north-sulawesi-babirusa,Rainforest,HabitatTerrestrial,social,solitary,no,north-sulawesi-babirusa
grey-wolf,nyala,Savannah,HabitatTerrestrial,social,solitary,no,nyala
grey-wolf,red-panda,Taiga;Temperate,HabitatTerrestrial,social,solitary,no,red-panda
grey-wolf,saltwater-crocodile,Rainforest,HabitatTerrestrial,social,solitary,no,saltwater-crocodile
grey-wolf,snow-leopard,Taiga;Tundra,HabitatTerrestrial,social,solitary,no,snow-leopard
grey-wolf,sumatran-tiger,Rainforest,HabitatTerrestrial,social,solitary,no,sumatran-tiger
grey-wolf,sun-bear,Rainforest,HabitatTerrestrial,social,solitary,no,sun-bear
grey-wolf,sunda-pangolin,Rainforest,HabitatTerrestrial,social,solitary,no,sunda-pangolin
grey-wolf,wild-boar,Rainforest;Savannah;Temperate,HabitatTerrestrial,social,solitary,no,wild-boar
grizzly-bear,komodo-dragon,Wetlands,HabitatTerrestrial,solitary,solitary,no,grizzly-bear
grizzly-bear,malayan-tapir,Wetlands,HabitatTerrestrial,solitary,solitary,no,grizzly-bear
grizzly-bear,mountain-hare,Taiga;Temperate;Tundra,HabitatTerrestrial,solitary,solitary,no,grizzly-bear
grizzly-bear,nile-monitor,Wetlands,HabitatTerrestrial,solitary,solitary,no,grizzly-bear
grizzly-bear,red-deer,Temperate,HabitatTerrestrial,solitary,mixed,no,grizzly-bear
grizzly-bear,red-panda,Taiga;Temperate,HabitatTerrestrial,solitary,solitary,no,grizzly-bear
grizzly-bear,snow-leopard,Taiga;Tundra,HabitatTerrestrial,solitary,solitary,no,grizzly-bear
grizzly-bear,sumatran-tiger,Wetlands,HabitatTerrestrial,solitary,solitary,no,grizzly-bear
grizzly-bear,sun-bear,Wetlands,HabitatTerrestrial,solitary,solitary,no,grizzly-bear
grizzly-bear,western-lowland-gorilla,Wetlands,HabitatTerrestrial,solitary,mixed,no,grizzly-bear
grizzly-bear,wild-boar,Temperate;Wetlands,HabitatTerrestrial,solitary,solitary,no,grizzly-bear
hawksbill-turtle,humphead-wrasse,OpenSea;Reef,HabitatAquarium,solitary,mixed,no,hawksbill-turtle
hawksbill-turtle,indian-ocean-oriental-sweetlips,Estuarine;Reef,HabitatAquarium,solitary,social,no,hawksbill-turtle
hawksbill-turtle,indo-pacific-leopard-shark,Estuarine;Mangrove;OpenSea;Reef,HabitatAquarium,solitary,solitary,no,hawksbill-turtle
hawksbill-turtle,indo-pacific-sergeant,OpenSea;Reef,HabitatAquarium,solitary,unknown,no,hawksbill-turtle
hawksbill-turtle,longfin-batfish,Reef,HabitatAquarium,solitary,social,no,hawksbill-turtle
hawksbill-turtle,ocean-sunfish,OpenSea,HabitatAquarium,solitary,solitary,no,hawksbill-turtle
hawksbill-turtle,ocellated-eagle-ray,Estuarine;OpenSea;Reef,HabitatAquarium,solitary,mixed,no,hawksbill-turtle
hawksbill-turtle,pacific-bluefin-tuna,OpenSea,HabitatAquarium,solitary,unknown,no,hawksbill-turtle
hawksbill-turtle,pacific-sardine,OpenSea,HabitatAquarium,solitary,social,no,hawksbill-turtle
hawksbill-turtle,palette-surgeonfish,Reef,HabitatAquarium,solitary,unknown,no,hawksbill-turtle
hawksbill-turtle,red-lionfish,Estuarine;Reef,HabitatAquarium,solitary,solitary,no,hawksbill-turtle
hawksbill-turtle,sailfin-snapper,Reef,HabitatAquarium,solitary,mixed,no,hawksbill-turtle
hawksbill-turtle,schooling-bannerfish,Reef,HabitatAquarium,solitary,social,no,hawksbill-turtle
hawksbill-turtle,threespot-damselfish,Mangrove;Reef,HabitatAquarium,solitary,mixed,no,hawksbill-turtle
hawksbill-turtle,west-indian-manatee,Estuarine;Mangrove;OpenSea,HabitatAquarium,solitary,mixed,no,hawksbill-turtle
hawksbill-turtle,yellow-tang,Reef,HabitatAquarium,solitary,social,no,hawksbill-turtle
humphead-wrasse,indo-pacific-leopard-shark,OpenSea;Reef,HabitatAquarium,mixed,solitary,no,indo-pacific-leopard-shark
humphead-wrasse,ocean-sunfish,OpenSea,HabitatAquarium,mixed,solitary,no,ocean-sunfish
humphead-wrasse,red-lionfish,Reef,HabitatAquarium,mixed,solitary,no,red-lionfish
indian-ocean-oriental-sweetlips,indo-pacific-leopard-shark,Estuarine;Reef,HabitatAquarium,social,solitary,no,indo-pacific-leopard-shark
indian-ocean-oriental-sweetlips,red-lionfish,Estuarine;Reef,HabitatAquarium,social,solitary,no,red-lionfish
indo-pacific-leopard-shark,indo-pacific-sergeant,OpenSea;Reef,HabitatAquarium,solitary,unknown,no,indo-pacific-leopard-shark
indo-pacific-leopard-shark,longfin-batfish,Reef,HabitatAquarium,solitary,social,no,indo-pacific-leopard-shark
indo-pacific-leopard-shark,ocean-sunfish,OpenSea,HabitatAquarium,solitary,solitary,no,indo-pacific-leopard-shark
indo-pacific-leopard-shark,ocellated-eagle-ray,Estuarine;OpenSea;Reef,HabitatAquarium,solitary,mixed,no,indo-pacific-leopard-shark
indo-pacific-leopard-shark,pacific-bluefin-tuna,OpenSea,HabitatAquarium,solitary,unknown,no,indo-pacific-leopard-shark
indo-pacific-leopard-shark,pacific-sardine,OpenSea,HabitatAquarium,solitary,social,no,indo-pacific-leopard-shark
indo-pacific-leopard-shark,palette-surgeonfish,Reef,HabitatAquarium,solitary,unknown,no,indo-pacific-leopard-shark
indo-pacific-leopard-shark,red-lionfish,Estuarine;Reef,HabitatAquarium,solitary,solitary,no,indo-pacific-leopard-shark
indo-pacific-leopard-shark,sailfin-snapper,Reef,HabitatAquarium,solitary,mixed,no,indo-pacific-leopard-shark
indo-pacific-leopard-shark,schooling-bannerfish,Reef,HabitatAquarium,solitary,social,no,indo-pacific-leopard-shark
indo-pacific-leopard-shark,threespot-damselfish,Mangrove;Reef,HabitatAquarium,solitary,mixed,no,indo-pacific-leopard-shark
indo-pacific-leopard-shark,west-indian-manatee,Estuarine;Mangrove;OpenSea,HabitatAquarium,solitary,mixed,no,indo-pacific-leopard-shark
indo-pacific-leopard-shark,yellow-tang,Reef,HabitatAquarium,solitary,social,no,indo-pacific-leopard-shark
indo-pacific-sergeant,ocean-sunfish,OpenSea,HabitatAquarium,unknown,solitary,no,ocean-sunfish
indo-pacific-sergeant,red-lionfish,Reef,HabitatAquarium,unknown,solitary,no,red-lionfish
komodo-dragon,malayan-tapir,Rainforest;Wetlands,HabitatTerrestrial,solitary,solitary,no,komodo-dragon
komodo-dragon,nile-monitor,Wetlands,HabitatTerrestrial,solitary,solitary,no,komodo-dragon
komodo-dragon,north-sulawesi-babirusa,Rainforest,HabitatTerrestrial,solitary,solitary,no,komodo-dragon
komodo-dragon,ring-tailed-lemur,Rainforest,HabitatTerrestrial,solitary,social,no,komodo-dragon
komodo-dragon,saltwater-crocodile,Mangrove;Rainforest,HabitatTerrestrial,solitary,solitary,no,komodo-dragon
komodo-dragon,siamang,Rainforest,HabitatTerrestrial,solitary,mixed,no,komodo-dragon
komodo-dragon,sumatran-orangutan,Rainforest,HabitatTerrestrial,solitary,mixed,no,komodo-dragon
komodo-dragon,sumatran-tiger,Rainforest;Wetlands,HabitatTerrestrial,solitary,solitary,no,komodo-dragon
komodo-dragon,sun-bear,Rainforest;Wetlands,HabitatTerrestrial,solitary,solitary,no,komodo-dragon
komodo-dragon,sunda-pangolin,Rainforest,HabitatTerrestrial,solitary,solitary,no,komodo-dragon
komodo-dragon,western-chimpanzee,Rainforest,HabitatTerrestrial,solitary,social,no,komodo-dragon
komodo-dragon,western-lowland-gorilla,Rainforest;Wetlands,HabitatTerrestrial,solitary,mixed,no,komodo-dragon
komodo-dragon,wild-boar,Rainforest;Wetlands,HabitatTerrestrial,solitary,solitary,no,komodo-dragon
lehmann-s-poison-frog,menelaus-blue-morpho,Rainforest,Exhibit,solitary,solitary,no,lehmann-s-poison-frog
lehmann-s-poison-frog,mexican-redknee,Rainforest,Exhibit,solitary,solitary,no,lehmann-s-poison-frog
lehmann-s-poison-frog,monarch,Rainforest,Exhibit,solitary,solitary,no,lehmann-s-poison-frog
lehmann-s-poison-frog,red-eyed-tree-frog,Rainforest,Exhibit,solitary,solitary,no,lehmann-s-poison-frog
lehmann-s-poison-frog,sri-lankan-rose,Rainforest,Exhibit,solitary,solitary,no,lehmann-s-poison-frog
lion,nile-monitor,Savannah,HabitatTerrestrial,social,solitary,no,nile-monitor
lion,nyala,Savannah,HabitatTerrestrial,social,solitary,no,nyala
lion,wild-boar,Savannah,HabitatTerrestrial,social,solitary,no,wild-boar
long-eared-owl,secretarybird,Savannah,HabitatFlying,solitary,unknown,no,long-eared-owl
long-eared-owl,shoebill,Wetlands,HabitatFlying,solitary,solitary,no,long-eared-owl
long-eared-owl,toco-toucan,Savannah;Wetlands,HabitatFlying,solitary,unknown,no,long-eared-owl
long-eared-owl,white-backed-vulture,Savannah,HabitatFlying,solitary,social,no,long-eared-owl
long-eared-owl,white-tailed-sea-eagle,Taiga;Temperate;Wetlands,HabitatFlying,solitary,unknown,no,long-eared-owl
longfin-batfish,red-lionfish,Reef,HabitatAquarium,social,solitary,no,red-lionfish
malayan-tapir,nile-monitor,Wetlands,HabitatTerrestrial,solitary,solitary,no,malayan-tapir
malayan-tapir,north-sulawesi-babirusa,Rainforest,HabitatTerrestrial,solitary,solitary,no,malayan-tapir
malayan-tapir,ring-tailed-lemur,Rainforest,HabitatTerrestrial,solitary,social,no,malayan-tapir
malayan-tapir,saltwater-crocodile,Rainforest,HabitatTerrestrial,solitary,solitary,no,malayan-tapir
malayan-tapir,siamang,Rainforest,HabitatTerrestrial,solitary,mixed,no,malayan-tapir
malayan-tapir,sumatran-orangutan,Rainforest,HabitatTerrestrial,solitary,mixed,no,malayan-tapir
malayan-tapir,sumatran-tiger,Rainforest;Wetlands,HabitatTerrestrial,solitary,solitary,no,malayan-tapir
malayan-tapir,sun-bear,Rainforest;Wetlands,HabitatTerrestrial,solitary,solitary,no,malayan-tapir
malayan-tapir,sunda-pangolin,Rainforest,HabitatTerrestrial,solitary,solitary,no,malayan-tapir
malayan-tapir,western-chimpanzee,Rainforest,HabitatTerrestrial,solitary,social,no,malayan-tapir
malayan-tapir,western-lowland-gorilla,Rainforest;Wetlands,HabitatTerrestrial,solitary,mixed,no,malayan-tapir
malayan-tapir,wild-boar,Rainforest;Wetlands,HabitatTerrestrial,solitary,solitary,no,malayan-tapir
masai-giraffe,nile-monitor,Savannah,HabitatTerrestrial,mixed,solitary,no,nile-monitor
masai-giraffe,nyala,Savannah,HabitatTerrestrial,mixed,solitary,no,nyala
masai-giraffe,wild-boar,Savannah,HabitatTerrestrial,mixed,solitary,no,wild-boar
meerkat,nile-monitor,Savannah,HabitatTerrestrial,social,solitary,no,nile-monitor
meerkat,nyala,Savannah,HabitatTerrestrial,social,solitary,no,nyala
meerkat,wild-boar,Savannah,HabitatTerrestrial,social,solitary,no,wild-boar
menelaus-blue-morpho,mexican-redknee,Rainforest,Exhibit,solitary,solitary,no,menelaus-blue-morpho
menelaus-blue-morpho,monarch,Rainforest;Savannah,Exhibit,solitary,solitary,no,menelaus-blue-morpho
menelaus-blue-morpho,old-world-swallowtail,Savannah,Exhibit,solitary,social,no,menelaus-blue-morpho
menelaus-blue-morpho,red-eyed-tree-frog,Rainforest,Exhibit,solitary,solitary,no,menelaus-blue-morpho
menelaus-blue-morpho,sri-lankan-rose,Rainforest,Exhibit,solitary,solitary,no,menelaus-blue-morpho
menelaus-blue-morpho,western-diamondback-rattlesnake,Savannah,Exhibit,solitary,solitary,no,menelaus-blue-morpho
menelaus-blue-morpho,yellow-anaconda,Savannah,Exhibit,solitary,solitary,no,menelaus-blue-morpho
mexican-redknee,monarch,Rainforest;Temperate,Exhibit,solitary,solitary,no,mexican-redknee
mexican-redknee,old-world-swallowtail,Temperate,Exhibit,solitary,social,no,mexican-redknee
mexican-redknee,red-eyed-tree-frog,Rainforest,Exhibit,solitary,solitary,no,mexican-redknee
mexican-redknee,sacred-scarab-beetle,Desert,Exhibit,solitary,solitary,no,mexican-redknee
mexican-redknee,sri-lankan-rose,Rainforest,Exhibit,solitary,solitary,no,mexican-redknee
mexican-redknee,western-diamondback-rattlesnake,Desert;Temperate,Exhibit,solitary,solitary,no,mexican-redknee
monarch,old-world-swallowtail,Savannah;Temperate,Exhibit,solitary,social,no,monarch
monarch,red-eyed-tree-frog,Rainforest,Exhibit,solitary,solitary,no,monarch
monarch,sri-lankan-rose,Rainforest,Exhibit,solitary,solitary,no,monarch
monarch,western-diamondback-rattlesnake,Savannah;Temperate,Exhibit,solitary,solitary,no,monarch
monarch,yellow-anaconda,Savannah,Exhibit,solitary,solitary,no,monarch
mountain-hare,red-deer,Temperate,HabitatTerrestrial,solitary,mixed,no,mountain-hare
mountain-hare,red-panda,Taiga;Temperate,HabitatTerrestrial,solitary,solitary,no,mountain-hare
mountain-hare,snow-leopard,Taiga;Tundra,HabitatTerrestrial,solitary,solitary,no,mountain-hare
mountain-hare,wild-boar,Temperate,HabitatTerrestrial,solitary,solitary,no,mountain-hare
nile-monitor,nyala,Savannah,HabitatTerrestrial,solitary,solitary,no,nile-monitor
nile-monitor,plains-zebra,Savannah,HabitatTerrestrial,solitary,social,no,nile-monitor
nile-monitor,przewalski-s-horse,Savannah,HabitatTerrestrial,solitary,unknown,no,nile-monitor
nile-monitor,reticulated-giraffe,Savannah,HabitatTerrestrial,solitary,mixed,no,nile-monitor
nile-monitor,sable-antelope,Savannah,HabitatTerrestrial,solitary,social,no,nile-monitor
nile-monitor,spotted-hyena,Savannah,HabitatTerrestrial,solitary,social,no,nile-monitor
nile-monitor,springbok,Savannah,HabitatTerrestrial,solitary,mixed,no,nile-monitor
nile-monitor,sumatran-tiger,Wetlands,HabitatTerrestrial,solitary,solitary,no,nile-monitor
nile-monitor,sun-bear,Wetlands,HabitatTerrestrial,solitary,solitary,no,nile-monitor
nile-monitor,thomson-s-gazelle,Savannah,HabitatTerrestrial,solitary,mixed,no,nile-monitor
nile-monitor,western-lowland-gorilla,Wetlands,HabitatTerrestrial,solitary,mixed,no,nile-monitor
nile-monitor,wild-boar,Savannah;Wetlands,HabitatTerrestrial,solitary,solitary,no,nile-monitor
north-sulawesi-babirusa,ring-tailed-lemur,Rainforest,HabitatTerrestrial,solitary,social,no,north-sulawesi-babirusa
north-sulawesi-babirusa,saltwater-crocodile,Rainforest,HabitatTerrestrial,solitary,solitary,no,north-sulawesi-babirusa
north-sulawesi-babirusa,siamang,Rainforest,HabitatTerrestrial,solitary,mixed,no,north-sulawesi-babirusa
north-sulawesi-babirusa,sumatran-orangutan,Rainforest,HabitatTerrestrial,solitary,mixed,no,north-sulawesi-babirusa
north-sulawesi-babirusa,sumatran-tiger,Rainforest,HabitatTerrestrial,solitary,solitary,no,north-sulawesi-babirusa
north-sulawesi-babirusa,sun-bear,Rainforest,HabitatTerrestrial,solitary,solitary,no,north-sulawesi-babirusa
north-sulawesi-babirusa,sunda-pangolin,Rainforest,HabitatTerrestrial,solitary,solitary,no,north-sulawesi-babirusa
north-sulawesi-babirusa,western-chimpanzee,Rainforest,HabitatTerrestrial,solitary,social,no,north-sulawesi-babirusa
north-sulawesi-babirusa,western-lowland-gorilla,Rainforest,HabitatTerrestrial,solitary,mixed,no,north-sulawesi-babirusa
north-sulawesi-babirusa,wild-boar,Rainforest,HabitatTerrestrial,solitary,solitary,no,north-sulawesi-babirusa
nyala,plains-zebra,Savannah,HabitatTerrestrial,solitary,social,no,nyala
nyala,przewalski-s-horse,Savannah,HabitatTerrestrial,solitary,unknown,no,nyala
nyala,reticulated-giraffe,Savannah,HabitatTerrestrial,solitary,mixed,no,nyala
nyala,sable-antelope,Savannah,HabitatTerrestrial,solitary,social,no,nyala
nyala,spotted-hyena,Savannah,HabitatTerrestrial,solitary,social,no,nyala
nyala,springbok,Savannah,HabitatTerrestrial,solitary,mixed,no,nyala
nyala,thomson-s-gazelle,Savannah,HabitatTerrestrial,solitary,mixed,no,nyala
nyala,wild-boar,Savannah,HabitatTerrestrial,solitary,solitary,no,nyala
ocean-sunfish,ocellated-eagle-ray,OpenSea,HabitatAquarium,solitary,mixed,no,ocean-sunfish
ocean-sunfish,pacific-bluefin-tuna,OpenSea,HabitatAquarium,solitary,unknown,no,ocean-sunfish
ocean-sunfish,pacific-sardine,OpenSea,HabitatAquarium,solitary,social,no,ocean-sunfish
ocean-sunfish,west-indian-manatee,OpenSea,HabitatAquarium,solitary,mixed,no,ocean-sunfish
ocellated-eagle-ray,red-lionfish,Estuarine;Reef,HabitatAquarium,mixed,solitary,no,red-lionfish
old-world-swallowtail,western-diamondback-rattlesnake,Savannah;Temperate,Exhibit,social,solitary,no,western-diamondback-rattlesnake
old-world-swallowtail,yellow-anaconda,Savannah,Exhibit,social,solitary,no,yellow-anaconda
palette-surgeonfish,red-lionfish,Reef,HabitatAquarium,unknown,solitary,no,red-lionfish
plains-zebra,wild-boar,Savannah,HabitatTerrestrial,social,solitary,no,wild-boar
przewalski-s-horse,wild-boar,Savannah,HabitatTerrestrial,unknown,solitary,no,wild-boar
red-deer,red-panda,Temperate,HabitatTerrestrial,mixed,solitary,no,red-panda
red-deer,wild-boar,Temperate,HabitatTerrestrial,mixed,solitary,no,wild-boar
red-lionfish,sailfin-snapper,Reef,HabitatAquarium,solitary,mixed,no,red-lionfish
red-lionfish,schooling-bannerfish,Reef,HabitatAquarium,solitary,social,no,red-lionfish
red-lionfish,threespot-damselfish,Reef,HabitatAquarium,solitary,mixed,no,red-lionfish
red-lionfish,west-indian-manatee,Estuarine,HabitatAquarium,solitary,mixed,no,red-lionfish
red-lionfish,yellow-tang,Reef,HabitatAquarium,solitary,social,no,red-lionfish
red-panda,snow-leopard,Taiga,HabitatTerrestrial,solitary,solitary,no,red-panda
red-panda,wild-boar,Temperate,HabitatTerrestrial,solitary,solitary,no,red-panda
red-eyed-tree-frog,sri-lankan-rose,Rainforest,Exhibit,solitary,solitary,no,red-eyed-tree-frog
reticulated-giraffe,wild-boar,Savannah,HabitatTerrestrial,mixed,solitary,no,wild-boar
ring-tailed-lemur,saltwater-crocodile,Rainforest,HabitatTerrestrial,social,solitary,no,saltwater-crocodile
ring-tailed-lemur,sumatran-tiger,Rainforest,HabitatTerrestrial,social,solitary,no,sumatran-tiger
ring-tailed-lemur,sun-bear,Rainforest,HabitatTerrestrial,social,solitary,no,sun-bear
ring-tailed-lemur,sunda-pangolin,Rainforest,HabitatTerrestrial,social,solitary,no,sunda-pangolin
ring-tailed-lemur,wild-boar,Rainforest,HabitatTerrestrial,social,solitary,no,wild-boar
sable-antelope,wild-boar,Savannah,HabitatTerrestrial,social,solitary,no,wild-boar
sacred-scarab-beetle,western-diamondback-rattlesnake,Desert,Exhibit,solitary,solitary,no,sacred-scarab-beetle
saltwater-crocodile,siamang,Rainforest,HabitatTerrestrial,solitary,mixed,no,saltwater-crocodile
saltwater-crocodile,sumatran-orangutan,Rainforest,HabitatTerrestrial,solitary,mixed,no,saltwater-crocodile
saltwater-crocodile,sumatran-tiger,Rainforest,HabitatTerrestrial,solitary,solitary,no,saltwater-crocodile
saltwater-crocodile,sun-bear,Rainforest,HabitatTerrestrial,solitary,solitary,no,saltwater-crocodile
saltwater-crocodile,sunda-pangolin,Rainforest,HabitatTerrestrial,solitary,solitary,no,saltwater-crocodile
saltwater-crocodile,western-chimpanzee,Rainforest,HabitatTerrestrial,solitary,social,no,saltwater-crocodile
saltwater-crocodile,western-lowland-gorilla,Rainforest,HabitatTerrestrial,solitary,mixed,no,saltwater-crocodile
saltwater-crocodile,wild-boar,Rainforest,HabitatTerrestrial,solitary,solitary,no,saltwater-crocodile
shoebill,toco-toucan,Wetlands,HabitatFlying,solitary,unknown,no,shoebill
shoebill,white-tailed-sea-eagle,Wetlands,HabitatFlying,solitary,unknown,no,shoebill
siamang,sumatran-tiger,Rainforest,HabitatTerrestrial,mixed,solitary,no,sumatran-tiger
siamang,sun-bear,Rainforest,HabitatTerrestrial,mixed,solitary,no,sun-bear
siamang,sunda-pangolin,Rainforest,HabitatTerrestrial,mixed,solitary,no,sunda-pangolin
siamang,wild-boar,Rainforest,HabitatTerrestrial,mixed,solitary,no,wild-boar
spotted-hyena,wild-boar,Savannah,HabitatTerrestrial,social,solitary,no,wild-boar
springbok,wild-boar,Savannah,HabitatTerrestrial,mixed,solitary,no,wild-boar
sumatran-orangutan,sumatran-tiger,Rainforest,HabitatTerrestrial,mixed,solitary,no,sumatran-tiger
sumatran-orangutan,sun-bear,Rainforest,HabitatTerrestrial,mixed,solitary,no,sun-bear
sumatran-orangutan,sunda-pangolin,Rainforest,HabitatTerrestrial,mixed,solitary,no,sunda-pangolin
sumatran-orangutan,wild-boar,Rainforest,HabitatTerrestrial,mixed,solitary,no,wild-boar
sumatran-tiger,sun-bear,Rainforest;Wetlands,HabitatTerrestrial,solitary,solitary,no,sumatran-tiger
sumatran-tiger,sunda-pangolin,Rainforest,HabitatTerrestrial,solitary,solitary,no,sumatran-tiger
sumatran-tiger,western-chimpanzee,Rainforest,HabitatTerrestrial,solitary,social,no,sumatran-tiger
sumatran-tiger,western-lowland-gorilla,Rainforest;Wetlands,HabitatTerrestrial,solitary,mixed,no,sumatran-tiger
sumatran-tiger,wild-boar,Rainforest;Wetlands,HabitatTerrestrial,solitary,solitary,no,sumatran-tiger
sun-bear,sunda-pangolin,Rainforest,HabitatTerrestrial,solitary,solitary,no,sun-bear
sun-bear,western-chimpanzee,Rainforest,HabitatTerrestrial,solitary,social,no,sun-bear
sun-bear,western-lowland-gorilla,Rainforest;Wetlands,HabitatTerrestrial,solitary,mixed,no,sun-bear
sun-bear,wild-boar,Rainforest;Wetlands,HabitatTerrestrial,solitary,solitary,no,sun-bear
sunda-pangolin,western-chimpanzee,Rainforest,HabitatTerrestrial,solitary,social,no,sunda-pangolin
sunda-pangolin,western-lowland-gorilla,Rainforest,HabitatTerrestrial,solitary,mixed,no,sunda-pangolin
sunda-pangolin,wild-boar,Rainforest,HabitatTerrestrial,solitary,solitary,no,sunda-pangolin
thomson-s-gazelle,wild-boar,Savannah,HabitatTerrestrial,mixed,solitary,no,wild-boar
western-chimpanzee,wild-boar,Rainforest,HabitatTerrestrial,social,solitary,no,wild-boar
western-diamondback-rattlesnake,yellow-anaconda,Savannah,Exhibit,solitary,solitary,no,western-diamondback-rattlesnake
western-lowland-gorilla,wild-boar,Rainforest;Wetlands,HabitatTerrestrial,mixed,solitary,no,wild-boar
